6.750531394701831722e+00,6.940276882839568895e-02,8.338620025422988080e-02,1.255177646209691134e-01,3.076124040355069145e+00,7.986793070012468410e-02,7.163567327076013347e-02,1.169554314689131846e-01,5.571753977000003522e-01,9.126198174946281716e-02,7.520374485904064710e-02,8.469073576306458684e-02,3.669326031504544505e-01,7.494795794264424993e-02,7.502930821610542811e-02,8.471314762629486572e-02,7.487344722028090038e-02,7.430894666537821158e-02,7.513522385813395377e-02,7.719572385730587294e-02,7.756455375338112967e-02,7.583523192535138180e-02,5.670441848094782966e-02,7.507113479421760605e-02
4.836334475633720764e+00,-2.713622260071318557e-02,3.101536105582543626e-02,-2.189428125541052206e-01,-2.337752706221451149e+01,-1.905756332188865768e-02,5.875912184721373416e-02,6.976434225427215197e-02,7.992371929061432567e-01,5.571126657248458985e-02,5.156123200690936742e-02,-5.271344428699435702e-02,-6.808200258897771917e+00,3.605949760217980887e-02,5.747720642582128392e-02,5.597264760831215102e-02,5.312803897242959067e-02,5.922195020491581585e-02,5.870820980295037017e-02,5.799690013986079362e-02,4.849091403460202565e-02,5.538154969501603991e-02,6.100804547382236015e-02,5.490882077818337592e-02
3.652214089087670867e+00,1.040701877463830333e-01,1.333305761499677111e-01,1.478010897617368924e-01,-6.965600551030268761e+00,1.495447802405607540e-01,1.225242363204121498e-01,1.224596198770145361e-01,-1.910503048540058701e-01,1.276247534706545506e-01,1.359037679245082564e-01,1.262936961872237474e-01,-3.383832860345073468e-01,1.265542042885748897e-01,1.270642787899348147e-01,1.240675374556706595e-01,1.275457222048501371e-01,1.296553722076591586e-01,1.324526094779561181e-01,1.272962583569690054e-01,1.252959424607232308e-01,1.265092437734384734e-01,1.306145209687041286e-01,1.305137642850895119e-01
5.405971785002354757e-01,-8.882890951536417945e-02,-4.290149431747065922e-02,-7.520592287045158031e-03,4.414964502614497910e+00,-1.052769475799752996e-02,-2.357167748431992713e-02,-2.432808583649831782e-02,-1.769510662278232505e-01,-3.277241923764213916e-02,-2.748109593402667597e-02,-2.933325321332664118e-02,-3.101464763696802907e-01,-1.870780751393085264e-02,-2.235183301170081543e-02,-3.431630461268255633e-02,-3.404371742382993060e-02,-1.912004048222629843e-02,-2.397494598147743503e-02,-2.140329568035796715e-02,-2.610939325814122525e-02,-2.148778357089574723e-02,-7.618660015226012480e-03,-3.046750892012741602e-02
4.661288418397057320e+00,-4.374390783930551252e-02,5.190620875598985634e-03,-6.010218005479432690e-02,-4.554488863872325766e+00,-1.270422211361426842e-02,-8.766474918378780803e-03,1.534641990308438552e-03,-2.301316896407395451e-01,-6.287503557348363484e-03,1.204559328974301631e-02,-1.697305797080015180e-02,-1.492025093954543413e+00,-3.808356507025134705e-03,-2.804328101148317182e-03,3.112695020915787203e-02,2.327191323464169233e-03,-8.986887927225973888e-05,2.030822585548661824e-02,-3.575261454268588174e-03,-4.578924503206632454e-03,-4.361392614360659961e-03,-2.293545392849236433e-02,2.346983213072230054e-02
-5.834972021176600521e+00,-1.163120123573589543e-01,1.104321904156981698e-02,-4.530982396151211206e-02,-3.328692611360314135e+00,2.338906665949361599e-02,2.470840120676517926e-02,-1.898600640872663602e-03,-4.273591337010946289e-01,1.918447119037560225e-02,2.323627978215219575e-02,1.541842311861496215e-02,-6.726598054766723678e-01,2.814165012372440988e-02,2.831660986928819998e-02,4.428633962897837034e-02,2.952188803904546785e-02,3.310393356575175999e-02,2.800152336681446807e-02,2.740973639900159270e-02,2.625104175080885532e-02,2.959655456506723667e-02,1.272884304938954464e-02,4.054631972106552407e-02
-4.124531206744916467e+00,-1.011209088137733220e-01,3.271079028203009720e-02,4.204022275444797146e-02,-1.587845394637364960e+00,3.695905306565212128e-02,4.407875012004840859e-02,1.161959655133117846e-03,-9.536127167835264373e-01,1.865725487081332928e-02,3.184040525036779812e-02,3.907489194702417484e-02,-5.611060098381323025e-01,4.258467174377029291e-02,4.519128315930210499e-02,5.174745235939007953e-02,3.852684183740794771e-02,5.288818408064536319e-02,4.762431759074189225e-02,4.431922173160305484e-02,4.469610853427443548e-02,4.767412878796655623e-02,4.793393992970369777e-02,4.020993869525742170e-02
-2.862206884459569611e+00,-3.743664407476258310e-02,3.655690809454015255e-02,3.809939641410436083e-03,1.193650327166416947e+00,2.036156473559167998e-02,3.587926773185638046e-02,1.341326261635650795e-02,-5.877191630784879273e-01,3.221416478530465810e-02,3.870915406693559851e-02,2.263893854223979207e-02,-5.265067923310083886e-01,3.763420153867522849e-02,3.672928768666618854e-02,3.864772864918253337e-02,4.036552048535300280e-02,3.558480011991774911e-02,3.828155022725617668e-02,3.681585435009737672e-02,3.489740521939415502e-02,3.676218002534513418e-02,4.079944315047753789e-02,4.201627535523615870e-02
-2.002948267186241083e+00,2.486046571937386707e-01,6.732604801608295386e-02,1.193864914948655244e-02,-8.928049563079503148e-01,6.693413509397545813e-02,7.284107930654341867e-02,4.113630677548958670e-02,1.219644906750257107e-01,5.935794500945110186e-02,5.905998619795135851e-02,5.863172124283842768e-02,1.501854379508658743e+00,7.332011969429348686e-02,6.766202551537264798e-02,5.826197665875296194e-02,7.079636103398696811e-02,7.052199544037926482e-02,5.706166383359449756e-02,6.925485199768276201e-02,7.108902494674540495e-02,7.427694581093045867e-02,7.061160668363482273e-02,6.815387868192215870e-02
-2.333087068749417625e+00,4.641473674752337464e-02,-2.797983901161312653e-02,1.324975339841189259e-01,3.530448412855188511e+00,-2.082205712833155170e-02,-5.099842428937553795e-02,-8.120106887451339350e-02,-1.360604148320034845e+00,-6.000968505561040528e-02,-4.969363013685274000e-02,-4.512473802402758305e-03,1.711853688445933441e+00,-5.068114219383869357e-02,-5.398362264625629348e-02,-6.874410913265291412e-02,-5.855188456009129128e-02,-5.527833198621780880e-02,-4.830775238279349376e-02,-5.581137076051041063e-02,-5.054233047082005298e-02,-5.382824171899452947e-02,-5.543634526590145856e-02,-6.428588354393223459e-02
-3.775716025820716304e+00,-2.927017427457846710e-02,2.085512614449388027e-02,7.925765897437759720e-04,8.205457360740490147e-01,2.493213102546302726e-02,3.158697408702289267e-02,2.883189407467751791e-02,-1.257068303198697334e+00,2.311455304156203108e-02,3.259368684408950334e-02,2.137579686402644313e-02,-2.401599414128399446e-01,2.882399765565786878e-02,3.246925948172604826e-02,1.990986691983072376e-02,3.425016872877599539e-02,3.189603406746723685e-02,3.441893548008944509e-02,2.768222599145792398e-02,2.756916262735418371e-02,2.863784480504825286e-02,5.898694939048752806e-02,3.138607012482198810e-02
-1.081394573536547199e+01,1.163603992004291321e+00,4.084190940154144855e-02,-1.080667305840272594e-03,-1.929756848475219000e+00,3.436012943151865034e-02,3.982007628007079580e-02,-1.164245018384282675e-02,-5.729652327529711764e-01,6.269299786792717488e-02,3.677214405652946133e-02,3.945864878701327294e-02,4.803149058269313154e-01,3.716059686678329504e-02,3.417350858494293958e-02,3.034542355478253572e-02,3.698554068915636817e-02,3.945410208863600610e-02,3.324253316122437185e-02,3.859704317314655714e-02,3.573050588449250969e-02,3.669896690980150450e-02,1.203091435598487371e-02,3.983160397260688407e-02
9.222019827149498639e+00,2.167757683860592199e-01,4.984827902892259577e-02,-1.701235783560093029e-01,-9.073967217295482612e+00,4.609889132595149791e-02,5.923435000490727409e-02,1.478451044674252701e-01,1.452084817249416959e+00,8.315611852302902396e-02,5.311092841388122265e-02,-5.468572692070286165e-03,-3.392190070056944506e+00,5.370402797022717778e-02,5.337195131886386668e-02,6.854759716723800300e-02,5.389157714903197727e-02,5.032762424886069036e-02,5.587341613540049851e-02,5.790696520011714282e-02,5.159867788677559991e-02,5.686335239459510554e-02,2.750180020636950468e-02,5.202561584149589108e-02
-1.202018205735258327e+01,2.916876536512145665e-02,1.550134822419102221e-01,2.743079497736939931e-01,2.716899447280270441e-01,1.588254880556426718e-01,1.534121458185961073e-01,6.091543068155666485e-02,-1.879227180329455127e+00,1.136920750278146430e-01,1.446789605992443162e-01,1.722875535354601029e-01,-1.746947189001043510e-01,1.497221494526197183e-01,1.527466600918544470e-01,1.427438259466553006e-01,1.309824606279663683e-01,1.477627210213807440e-01,1.464957870526508443e-01,1.523616980371137741e-01,1.496600870574732178e-01,1.553724109695689137e-01,1.030570543634127950e-01,1.340512993551617738e-01
1.404213317962596896e+01,1.248758285567891646e-01,5.980453968331182063e-02,9.782404949004354366e-02,-3.741923059753752945e+00,3.496432746748414505e-02,3.889283478350082784e-02,1.152135237190035078e-01,8.521185297356868027e-01,6.215317629721704706e-02,3.924788071528190897e-02,2.859245757635763691e-02,-4.590829385354561754e-01,3.579497168526183520e-02,3.676216348185549349e-02,4.052399143203798404e-02,2.860987799916688695e-02,3.445804617729349845e-02,4.184835724810654495e-02,3.226842928409358324e-02,3.512128034414321864e-02,3.539740148446911955e-02,1.994120824772866243e-02,2.546869386713681432e-02
-2.540301360895228289e+00,2.076981800162417888e-02,7.245741913007428328e-03,-7.447889675982187832e-03,-1.754787801786051427e+00,-6.487355798709756524e-03,8.183681805349386079e-03,3.384023630181937341e-03,-1.685232619396311027e-01,6.806261129741813728e-03,-1.726140191813533079e-04,7.897030353699464877e-03,-5.715291382204506360e-02,5.164513468133479814e-03,7.322584704473345148e-03,4.490787715602567211e-03,1.672869024740663733e-03,4.190942829663172817e-03,6.583001872953027356e-03,4.633687997817044317e-03,6.831717066309918665e-03,6.794207508523018857e-03,1.724186185634524540e-02,3.154008714886925944e-03
3.602822179526189661e+00,-2.935512812894810475e-01,8.224917146962167080e-02,2.754389299496648458e-01,3.170520784158276761e+00,9.811882393384846468e-02,6.438085684239121254e-02,7.524308212665363482e-02,-8.434801538977386715e-01,1.335679718821092092e-02,5.155466579565379237e-02,8.107020166764515590e-02,1.190322872824854050e+00,5.747869520023883572e-02,5.235885970227700109e-02,4.269670087879994663e-02,5.269459238692308922e-02,5.616621980673013742e-02,4.205089623062382986e-02,4.335506469108449390e-02,5.740866215549727397e-02,4.827874118890505134e-02,5.390883111581085824e-02,4.957872095118608102e-02
-3.633665962280580697e+00,7.197355750940460928e-02,-9.010435907787130855e-03,-5.540995775177368077e-02,1.146382135468088537e+00,-4.099741933664016041e-02,-6.652643171170349347e-03,-1.487670181044155110e-03,1.245846223232208283e+00,3.175439278511406338e-02,2.776721766232525049e-02,-9.959126340370509992e-03,-4.555874876368855020e-01,-6.934120329662320226e-03,-4.785674226638378381e-03,-4.561426245135837346e-03,-1.032983956448787046e-03,8.793029587647063772e-03,5.301990704949010973e-03,6.538576263720256507e-03,-5.616405574840383289e-03,-1.636462813934959131e-03,-8.771662663793599463e-03,-9.778002708205496031e-04
3.810031201635444287e+00,2.339947180074578720e-03,1.157724420382277714e-01,1.567559692233327640e-01,2.492021994593227152e+00,1.019448129118345342e-01,1.309478291552251261e-01,1.584692448108044049e-01,1.248175979304908756e+00,1.259775089212955002e-01,1.326770064527023341e-01,1.266154443389544415e-01,-6.355659821113276986e-02,1.306976358441687691e-01,1.261223330822007771e-01,1.075110513795975165e-01,1.212008126486135706e-01,1.376709100586951118e-01,1.176020322316836120e-01,1.288119671522763576e-01,1.219426396913125821e-01,1.325616895540220053e-01,1.308060558618214797e-01,1.338945263378929773e-01
2.540175563394061697e+00,1.831288054140572108e-01,2.134242715921757516e-01,2.951961008099463490e-01,-2.210116267333165130e+00,2.329522488833585814e-01,2.071818068257091916e-01,2.252450308244355048e-01,2.450251805870206301e+00,2.281495165185628005e-01,2.082191734998075083e-01,2.297564103020205695e-01,8.653863818945777275e-01,2.014383396845598473e-01,2.028818977385426214e-01,2.264996824923786178e-01,2.041862352420819315e-01,2.018120490171025072e-01,1.925767104531302121e-01,2.077429798580207321e-01,2.058434899465917123e-01,1.992769262556350340e-01,1.965323208827480239e-01,2.094594935895859877e-01
-1.152715442720506367e+01,-2.429534454327374748e-01,-4.722781019300446165e-02,-1.507698046180072360e-01,-3.164070697604333682e-01,-4.857990443175417422e-02,-2.233692192771268709e-02,-6.396968138059985765e-02,-4.072242720560300677e-01,-4.484869594778201352e-02,-2.547550949971822895e-02,-3.475605839734251939e-02,-1.277123864041061596e+00,-1.509927879436347847e-02,-1.586904798911027356e-02,-5.511410195101867221e-02,-3.254136154283898685e-02,-1.087020288023826664e-02,-2.432648138965627996e-02,-3.174967187323653010e-03,-1.789845308217419967e-02,-8.286244180017641320e-03,-4.829672264201527454e-02,-4.112017805456417985e-02
2.681936323565200730e+00,5.840596749047027164e-02,-5.617573897659738046e-03,-6.251535970199330328e-02,-2.228406053262202757e+00,-2.216405072476259220e-03,-3.637700600506394398e-03,2.814376968785784958e-02,3.227013122543465062e-02,-4.059414850453692616e-03,2.062477286022012992e-03,-8.670658669066983598e-03,-3.082110335959545866e-01,-9.697136727484359509e-03,-8.586506284398791669e-03,6.694116234747429783e-03,8.660179285332195859e-03,1.813682462872646516e-03,1.109047485335639197e-02,-2.462890217602984374e-03,-7.765351778685789658e-03,-6.250028683657187639e-03,-1.441607365593693298e-02,1.061755828107473557e-02
-5.003016417232212909e+00,-1.894720460704629184e-01,-2.762998144133785305e-02,6.509716347491137291e-05,1.154123431489705753e+00,-2.734336818914036987e-02,-1.754517531824551987e-02,-4.327363428620113750e-02,-1.185969130024407736e+00,-3.703967261808095018e-02,-1.742256320015123094e-02,-7.445155999836960796e-03,-2.216412043436593367e-03,-1.646121760032615011e-02,-1.333039663179289534e-02,-2.726121039559580017e-02,-2.063867550366507361e-02,-1.072811117129815126e-02,-1.051256464381702602e-02,-1.597611332561359523e-02,-1.479729817938799964e-02,-1.398322995683999766e-02,9.165440660230212908e-03,-1.755966024959634830e-02
3.326241118450921519e+00,5.338905749142058149e-02,2.779367993133774126e-02,-1.284601011344296828e-02,1.036579730673510058e+00,3.415306091155449753e-02,3.557135929516624245e-02,5.062880125261077363e-02,-6.487058155330864828e-01,4.654339348574916546e-02,3.415132455751943713e-02,3.374815416445536842e-02,-2.868426490992387334e-02,3.642658267596275007e-02,3.590609567942958102e-02,3.271764544853845991e-02,4.157032453375305442e-02,3.518509588655992226e-02,3.758033114029728922e-02,3.331196971308040405e-02,3.897533381908685479e-02,3.543896624633340736e-02,2.712156422058669900e-02,3.706515579788124265e-02
3.725911754993667557e+00,-2.664542639349360975e-01,9.090656262000673671e-03,-1.828352493698920944e-01,-5.533064810520063936e+00,-2.686586388999862626e-03,3.367259512325023602e-02,7.297258648364399192e-02,1.970194422931839551e+00,4.989173349170414329e-02,3.105347272866264968e-02,1.500374578498379474e-03,-1.195648592167913415e+00,3.401092860186711447e-02,3.989932549605469669e-02,5.037203796502606745e-02,4.905068446563649875e-02,3.965232135546415543e-02,3.938231372049515178e-02,3.491625219908495864e-02,3.937042774342588286e-02,3.781277737795948196e-02,2.841166301223636836e-02,4.448027103525444698e-02
3.926174526025808742e+00,1.559135798004810947e-01,2.598859330161174333e-02,3.282663449721665017e-02,-5.149042187928842829e+00,3.019782995359296396e-02,2.785890747017458896e-02,7.010922032390470848e-02,1.512200202447067099e+00,4.857772392997175559e-02,3.441566020992135877e-02,3.492923347522210176e-02,7.147122469304379999e-01,3.090400630384943295e-02,2.990954431390641446e-02,3.342389772905057788e-02,3.929623297462539466e-02,2.189326854084338095e-02,2.705943630527940513e-02,2.837177525398332234e-02,3.002026508432319857e-02,2.602376386017511006e-02,5.562218002690807322e-02,2.777738379118940143e-02
4.544413344111116082e+00,-3.126971655470717724e-03,4.259389080061522920e-02,8.858472175335550813e-02,7.671514146783296795e+00,5.486979017581944396e-02,4.806325469134051231e-02,6.799579609563121373e-03,9.536639456143245486e-01,4.540826786101030688e-02,3.395483959057350037e-02,6.088740702128935672e-02,9.127958924056357448e-01,4.694523259411303301e-02,4.994501588215662091e-02,2.804616416735183915e-02,4.767370695492105515e-02,4.106454481072284446e-02,3.492024702736666597e-02,4.292482438817772639e-02,4.970126897292231893e-02,4.119536137846429441e-02,1.216212414820663917e-01,3.957241561276988312e-02
1.841871663351091482e-01,8.420880782288842070e-02,5.487357636644251552e-02,-8.349039493229462594e-02,-2.577867503626855239e+00,4.072757039500191079e-02,6.463913574812654717e-02,4.457159181093665878e-02,-5.676101555318496805e-01,5.968371777463484656e-02,6.564834919288325965e-02,2.881473843328041448e-02,-1.747584268648105787e+00,6.682284951777857362e-02,6.947692277925984761e-02,6.029927671646480997e-02,6.989839596810611122e-02,7.319818376281458927e-02,6.905795895183697297e-02,7.014991828777443483e-02,6.523791302056598795e-02,6.921924500352143184e-02,7.506918123798907161e-02,6.818649959007198891e-02
-8.260427428307961506e+00,-8.340737170016086777e-02,1.247981382488880069e-02,-1.034988193427512256e-02,-6.882606676031203241e-01,4.641033594263964390e-02,2.967916099470228192e-02,-6.820951108654975392e-02,-1.527704291148760107e-01,1.503889727599628731e-02,2.510131319167830527e-02,2.535605624647501236e-02,-7.460163830049771905e-01,2.771467767857851289e-02,2.192146269454537874e-02,8.889898083504901155e-03,1.992206360194232959e-02,9.875096959215888884e-03,1.549015642900613762e-02,2.873480246272701322e-02,2.817561629114210403e-02,2.768320240904934698e-02,2.730339072698065653e-02,1.474591332847243787e-02
-6.411318104893508618e-01,-6.773335732162302780e-02,3.967845303642375532e-02,-2.802457369842509954e-02,-2.195662917078684551e+00,3.649281687306446531e-02,5.205901998104068423e-02,2.030000680602842347e-02,9.659837299136422306e-01,5.730389358585166737e-02,5.369829177468116166e-02,4.168170065029012938e-02,-2.227935766620368352e-01,5.266829815607272647e-02,5.526411931772649833e-02,5.156043155279621537e-02,5.901531607414399472e-02,5.595373429651312458e-02,4.943295102923641465e-02,5.517243505481546351e-02,5.418382133825742214e-02,5.495282202090615714e-02,8.963081222776897450e-02,5.848115981686521220e-02
4.159678502256984878e+00,7.999076497533097463e-02,5.175017496337950412e-02,-1.192001633480725825e-01,-4.072507020637872621e+00,4.670856518141303787e-02,7.249393057520431283e-02,4.085380718048732540e-02,-8.359484010835509238e-02,6.249374491959466121e-02,6.576383736675590896e-02,2.156903539180723625e-02,-6.186270299407372608e-01,6.864667147247953405e-02,6.966990165062585116e-02,6.821099512326460335e-02,6.704353116189375184e-02,6.227900924622632728e-02,6.646347205733449393e-02,7.113755987361944366e-02,6.730971850548507496e-02,7.001038204711113044e-02,6.598971088661749473e-02,5.979629101467780206e-02
-4.698538450415193246e+00,8.791153667292122068e-03,-2.515701875840421851e-03,-4.784308666687737688e-01,-3.098482248865364497e+00,-1.231581639068058060e-03,6.522323554858334982e-02,4.647713431382576033e-02,-4.634133698272129287e-01,6.045403929807015297e-02,5.316598773845680748e-02,-3.483403588375368065e-02,-1.459961917779204921e+00,7.379731980183870665e-02,7.227814838948545817e-02,7.511331809297762396e-02,6.544532481834716697e-02,6.619593863320794025e-02,7.607556839822772476e-02,7.263010312194360940e-02,6.749387973810867802e-02,7.270404440661983048e-02,8.364636189884583350e-02,6.402232615099617830e-02
1.366119510102166590e+00,-1.104251344024741871e-01,-2.064688258473271198e-02,6.928089957010981001e-03,1.317767395065662095e+00,-2.465216836103153661e-02,-2.647880562061292672e-02,1.272581163041966272e-02,4.144972532188154202e-01,-1.571494013597674044e-02,-2.206899007068073224e-02,-2.322693397896046993e-02,5.482684913324055165e-01,-2.516769806506719692e-02,-2.258962347286233227e-02,-8.353279571964982234e-03,-2.799543114762967702e-02,-2.339263293280251232e-02,-1.558266319051630072e-02,-3.135316161340064717e-02,-3.146753668128443593e-02,-2.598462667907148679e-02,3.326219175979415119e-03,-1.679937990873473647e-02
6.173565260171389291e+00,1.961766640067019174e-01,2.238098288361445587e-01,3.361544920999825492e-01,7.184052834031787960e+00,2.314989265574608213e-01,2.044157862303527529e-01,2.452751062159055639e-01,1.325827310981589235e+00,2.171028482329121767e-01,2.087189117848406161e-01,2.415346353694290404e-01,2.566672205973819398e+00,2.109290845272360770e-01,2.047185068981495215e-01,2.136057329906378144e-01,2.126696701190446126e-01,2.027790671032581871e-01,2.074219579809584990e-01,2.009065512914569029e-01,2.047258366635505700e-01,2.011850434855604330e-01,2.122185023783028923e-01,2.103265724051484042e-01
1.737390602733797307e+00,8.845480260166395554e-04,1.235578898698653887e-02,3.145453443910201097e-02,-1.145838607404681797e+00,9.571171584983046224e-03,1.261412306105107878e-02,4.322733659576478288e-02,8.696569494017638569e-01,2.615448853036444685e-02,1.499831906564998846e-02,-4.913354923716041142e-03,-1.162371216908044236e+00,1.137209677237997242e-02,1.345942579687693826e-02,1.879631006279115779e-02,1.311347404954192435e-02,1.478227640317373442e-02,1.408979562634067421e-02,1.453470656851687907e-02,1.146188592838401181e-02,1.416678733975891384e-02,7.979824978486756842e-03,1.567641734023641348e-02
4.734414519039673763e+01,1.189732148300689102e-01,2.292509607362791524e-02,-1.126490270054483211e-01,-9.362185408011127308e+00,2.520236354827423003e-02,4.145994247346068001e-02,2.093592920010080571e-01,1.324286441557820826e+00,7.259569566871836022e-02,2.034210562690301483e-02,1.096853141025070678e-02,-1.944414736542875888e+00,3.762560719574561952e-02,4.386758230103378342e-02,4.757611337800156381e-02,3.611733419882712931e-02,4.019454681857576039e-02,3.408991580138612948e-02,3.061009174426428114e-02,3.379727630501285635e-02,3.945141921458193701e-02,5.647598499379250653e-02,2.800236926894230163e-02
-6.481386301298813102e+00,-1.085783753739598401e-01,1.098289227331200255e-02,-4.626017849941743698e-02,-3.235038294452281527e-01,3.169836239905131359e-02,2.715562441407397970e-02,-1.202798790413715443e-02,-1.435108979769232684e+00,2.713469762886960238e-03,1.924051073066609593e-02,1.220152135889728505e-02,-8.932086600807276344e-01,3.215696893991970562e-02,2.904327877136559516e-02,2.163694205178617533e-02,2.040694775387235857e-02,2.964480131134308860e-02,2.962788946242132793e-02,3.016640406930892748e-02,3.016789269105928789e-02,3.125645906254433115e-02,3.804145360308353041e-02,2.274529439169497430e-02
-3.536793970271997267e+00,-1.036049133094253810e-01,-2.598097487963648908e-02,1.228088551218700468e-02,-2.745345967668041620e+00,-2.791894003496548857e-02,-3.347798065903230536e-02,-7.490546031512147762e-02,-1.159265299554502748e+00,-5.337753669484196495e-02,-3.707878332777012759e-02,-1.630032544517105025e-02,5.727229810279020894e-01,-2.788158750714551937e-02,-2.786416098660287471e-02,-3.546323415563467502e-02,-3.310894209220796580e-02,-3.434150855103467598e-02,-3.505345527075977990e-02,-3.105367820717916394e-02,-2.513762760999954660e-02,-2.846069028320165339e-02,-3.703648569157113463e-02,-3.153644044202613683e-02
9.095211474517617134e+00,1.141762512174400029e-01,5.960367610740726491e-02,1.897000364083394064e-01,1.353115208746643816e+01,4.734030595076715170e-02,4.241735771698029733e-02,5.221009209880138335e-02,9.302221285737620748e-01,6.070851520608726987e-02,6.549109706228058159e-02,7.275368141262046617e-02,2.309860914478858884e+00,4.910462694576536030e-02,5.155751790354618641e-02,4.489608163444327310e-02,5.074573658017603184e-02,5.236003842187454682e-02,5.984840334856463689e-02,5.360545472786127502e-02,5.443935647901435720e-02,4.741928711962446058e-02,4.613091231520553143e-02,5.034541095195520233e-02
-1.771228394498895353e+00,1.947580524068459606e-03,9.820527311971505302e-02,1.582453624023601457e-01,1.835021330545210105e+00,8.862962461220656729e-02,8.665498906249957667e-02,4.369889401855345246e-02,1.590751652033813024e-02,7.438108295847699336e-02,8.474030990119708895e-02,1.147952173050663383e-01,8.561958056169400866e-01,8.859760243990696948e-02,8.354577794235150401e-02,8.614277633691581892e-02,8.427741329760977951e-02,8.484637154963541039e-02,8.404873797842894734e-02,8.601590288383104133e-02,8.586987355745899497e-02,8.468439980085797070e-02,7.192343897480177328e-02,8.307254839951229430e-02
-5.200634962014874851e+00,-2.681777292293022891e-02,-4.515061731569239983e-02,1.444930004554566549e-01,1.937999628919983230e+00,-4.274576403110010026e-02,-8.582039861406887127e-02,-1.195449897031935355e-01,-1.348365552870362638e+00,-8.289244808111015383e-02,-6.501086246159623605e-02,2.353246009531946917e-02,5.860782227253298338e+00,-7.178834405944389818e-02,-8.822578221118033970e-02,-9.117510951179645662e-02,-7.919127410982132464e-02,-7.387564083212909416e-02,-7.525886474049019170e-02,-8.531842293479653672e-02,-7.467291148657434485e-02,-8.268656914290550830e-02,-1.223728477340438880e-01,-7.602622279079007672e-02
5.300871429259209400e+00,-4.064182624353458451e-01,1.913795480300002974e-02,1.801639384326420568e-01,5.421460481493463490e+00,6.510270930767475539e-02,1.802641308038236898e-02,-5.619397604117654099e-02,-5.332925124776186188e+00,-4.722978485485835459e-02,-2.316658527718890861e-04,6.578764934287792410e-02,2.966148189811721014e+00,2.901214549868389933e-02,2.857556124810399847e-02,1.341151331642453925e-02,6.677546506635122225e-04,2.146591949824133358e-02,2.096002957867521346e-02,1.093372160445734743e-02,2.936891283486126741e-02,2.079115738257793222e-02,3.002236005286336440e-02,2.486748913591536880e-02
-3.091637910788178067e-01,-7.774096069608235626e-02,-1.701714931831168828e-02,-6.052112874507906831e-02,1.960249427819664714e+00,-1.121521018976331593e-02,-4.168679029807680417e-03,-1.688359486318638872e-02,-6.073538132916753846e-02,-3.802553185156620687e-03,-2.055689038964889288e-04,-1.639936987254950879e-02,-3.697010359096266630e-01,-1.270848210393358971e-03,9.840610848827510519e-04,1.189485374077342805e-04,1.912009172318818769e-04,-5.032801080273063311e-04,-9.898392982374741664e-04,2.163240904353365499e-03,-7.650204230135725520e-06,1.176287410355054009e-03,1.275490533009010323e-02,2.831055104339731156e-03
-9.909376868150127082e-01,1.506242557752105193e-01,1.365810549461702883e-01,1.305761866102213287e-01,8.355927591164554746e-01,1.464909976397328339e-01,1.478990063826864099e-01,1.271835189759479290e-01,-3.266295858438819644e-01,1.457132914018115233e-01,1.481563975637166519e-01,1.410043242199669755e-01,-4.276115513921950884e-01,1.533875670913713574e-01,1.539811343140675692e-01,1.553379680263456963e-01,1.539804834049260107e-01,1.528992647617036238e-01,1.485175626767832324e-01,1.545003180829657707e-01,1.518766897045094322e-01,1.545276699944696241e-01,1.554587234642596238e-01,1.568292583356734882e-01
1.115234951141320430e+00,-1.539995503876394889e-01,5.978947612914682630e-03,-7.927643565865179209e-02,-2.222042708603657601e+00,1.338785174065483703e-02,3.310917563496539734e-02,4.412783725959164988e-02,4.354944225128750124e-01,2.490646242223610446e-02,2.459778235929805865e-02,-3.917346198237409496e-03,-2.365982145154850169e+00,2.515308104573716133e-02,3.150528247073394045e-02,2.537379904375713577e-02,4.060045416425783760e-02,2.857614876394024006e-02,3.407755131641908297e-02,2.693978440562156199e-02,2.883009034762487599e-02,3.036961169744183467e-02,2.661760661121862631e-02,2.661790304576417548e-02
1.179608442916008570e+01,6.424794017184057293e-02,-5.084454912388843700e-03,1.676201521179095100e-02,-1.943034505743158169e+00,1.330508505235711118e-02,-8.047487835125701969e-03,1.847856702840654924e-02,8.696363582251090962e-01,-8.079566238300662021e-03,7.274497036876317532e-03,5.509899883206580530e-04,7.688937860093797427e-02,-6.369202620631394390e-03,-5.701470274620399487e-03,-1.343963860553021956e-03,-1.515756738005668344e-03,9.878044415650335652e-04,1.961092124403123870e-03,-3.514114688821061861e-03,-1.595358882277720779e-03,-6.138744671226643509e-03,-6.358428234119039429e-03,-4.158216018913956508e-03
5.133953326954342700e+00,7.838705265055902205e-02,8.069000486011936035e-02,3.919275037457148891e-01,8.938031831388206783e+00,9.174179185565228822e-02,-9.482160269429185454e-03,2.616355000242363490e-02,1.803212106512754875e+00,6.984600097094921176e-03,-1.152936786120654748e-02,3.403711320812431024e-02,2.147947369075770219e+00,-1.929218443502991875e-02,-2.527398834438010153e-02,-3.375622006156946131e-02,3.946254620768221825e-04,-2.803112692161707428e-02,-2.771704282393356797e-02,-3.419729653760474747e-02,-2.246422347766326155e-02,-3.317447036791324605e-02,-2.987585828778427030e-02,-1.356312764858534810e-02
-4.053303874767297366e+00,-1.166208375549964982e-01,3.343201291877104936e-02,9.457337122930883910e-03,1.065523730677250391e+01,1.715494584549163287e-02,4.649250871959074993e-02,2.779956665151644621e-02,3.897065453329875279e-02,4.280600207818927722e-02,3.975821806890077886e-02,4.504052835450909203e-02,6.732055165296724208e-01,5.405381617651146275e-02,5.216968675524734367e-02,5.125030448408043893e-02,4.456178518329406701e-02,5.036040621035114961e-02,4.678911083311175501e-02,5.115726678111255643e-02,5.920864311577583167e-02,5.254429628715869688e-02,6.480580508248487415e-02,4.497677199796604880e-02
-3.789281877954374878e+00,-7.450399261514414895e-02,5.292871884131143678e-02,8.835338049587643239e-02,-2.703769374471564735e+00,5.455121683941992899e-02,4.558911898682469627e-02,1.256564699737309013e-02,-6.274348274557630667e-01,2.171522349999033263e-02,4.780327157577868996e-02,6.397336329078988360e-02,2.582436764333818635e-01,4.418219990411972886e-02,4.390237448428940814e-02,4.466034695770305235e-02,4.054289320141935687e-02,4.417894261042307202e-02,4.426585910650809169e-02,4.251994875708137167e-02,4.143290608053707552e-02,4.304597848334996285e-02,4.056482534568359166e-02,4.623198642488298565e-02
7.878681222010208707e+00,4.554496639889051290e-01,2.412418964729966808e-01,3.893953933129589706e-01,6.122454444586215017e-01,2.459464428438416228e-01,2.203419966818399578e-01,2.154911224136242531e-01,2.089265547717916949e+00,2.324281768358012756e-01,2.294723286664598905e-01,2.600633964632985684e-01,2.153389771398705133e+00,2.159068479750512470e-01,2.172249149113321676e-01,2.267442765751698508e-01,2.163257572668299544e-01,2.127404134818957071e-01,2.212294153473041147e-01,2.248050514530639810e-01,2.223076975936482402e-01,2.145754353536968029e-01,2.131277416429856741e-01,2.165077305452851320e-01
-1.688213065898162446e+00,-8.060737593264562240e-02,7.301023381794581428e-03,5.810426849907332492e-02,1.043335731307036518e+01,4.022788150981683464e-02,2.731851487264969069e-02,6.341728624843388784e-02,1.276565606148645227e+00,3.968001201675402934e-02,3.218057884089971926e-02,-5.007574982106747369e-03,-7.182649841298885951e-01,2.646145750207602038e-02,2.653218122038932675e-02,3.023244817595361483e-02,2.739140312263689883e-02,2.965057274376784596e-02,3.231501011167071252e-02,2.957474455435043365e-02,2.447855136875240131e-02,2.833831664586138749e-02,2.609655769380458956e-02,2.595902341708310537e-02
-2.599074467782779951e+00,-2.062235777077138250e-03,1.518627819347580926e-02,3.577169649365258969e-02,-1.383527105122009049e+00,2.211836149036466859e-02,1.395643445394303440e-02,8.900296306220701822e-03,-1.987768916929964214e-01,1.247245177884400043e-02,1.322938298284781489e-02,2.124783062572161915e-02,2.256871646395292308e-01,1.335825931545975807e-02,1.580736722673478645e-02,4.848784568602941547e-02,1.104319968664109128e-02,1.455927946281322313e-02,1.101066242747459831e-02,1.157896205738130971e-02,1.449612138205726153e-02,1.419706702596000396e-02,2.238264557422764076e-02,3.685208522455048208e-02
-6.625001384359985757e+00,-1.918890185200819443e-01,3.246013538919536451e-02,1.324893313778858772e-01,9.546932495886160941e-02,5.184927817241619108e-02,3.735572385466051637e-02,1.527612059575066909e-03,-1.120258093318136750e+00,1.160301590106898803e-02,4.074829816354412493e-02,7.042448979657038588e-02,1.591807442336013789e+00,3.968431750441658162e-02,3.479002741811799970e-02,4.995706259483927159e-02,2.375810012330279927e-02,3.416507930609972987e-02,4.943510453348712308e-02,3.708806767310966063e-02,3.616317696642283586e-02,3.767729371775347530e-02,1.682405764156033254e-02,2.862227653682523215e-02
3.938541860643676173e+00,8.468590198015982229e-02,2.918133529661528017e-02,6.535990802841251668e-02,1.683135028054228322e+00,3.310787805820818164e-02,3.181485935337736298e-02,1.636097272441022071e-02,2.321833770345629044e-01,3.035844942967179036e-02,2.893968683703396563e-02,3.046545455808275307e-02,-1.968313061013894638e-01,2.895359742386851773e-02,2.880185496322956382e-02,4.231303953815603730e-02,2.915520547150532091e-02,3.080986244440362537e-02,2.738022183055169659e-02,3.012694066016611757e-02,3.063859012238332249e-02,3.024597355951141875e-02,1.148858751387532053e-02,4.101408622122139358e-02
1.400332539158058109e+00,4.406581667932503443e-02,1.207842042888445377e-01,1.232236322185100846e-01,-8.789267520211178075e-01,1.125811769923184824e-01,1.308151893814803735e-01,1.131790624735473649e-01,5.017979149084267343e-01,1.285061627354162628e-01,1.309374704033225145e-01,1.250897784015953529e-01,-3.853411898289924031e-01,1.316632525629327644e-01,1.332646620169621321e-01,1.223092878169938780e-01,1.283621135704467731e-01,1.341363106262364602e-01,1.304522673146078782e-01,1.331637239657955385e-01,1.264713310914556688e-01,1.349286924116377961e-01,1.245604566403807067e-01,1.300319172391514455e-01
9.077980817458657370e+00,7.661427166286545465e-02,5.340413255544428084e-02,7.297716955116234638e-02,-6.439516321543927724e+00,7.176477906402180251e-02,7.601977019047752304e-02,1.246537237825787459e-01,-2.909709665113500154e+00,4.686111319519288554e-02,9.367698737466720327e-02,7.892173252882185575e-02,1.191063510687049264e-02,7.655689309199975590e-02,7.826190387290210548e-02,5.848542048213515449e-02,6.467185773042037622e-02,7.167047812988104616e-02,8.276943821881643792e-02,8.291792732369859809e-02,8.409057743338459179e-02,7.617444150800073421e-02,8.347423327533144699e-02,7.658648323068570352e-02
-1.715645102386880438e+01,-1.515534213129796359e-01,-2.583611830770462386e-02,-2.465447517752553108e-02,3.219821660629517801e+00,-1.932798983939916504e-02,-1.412643929139334106e-02,-5.577680193186451696e-02,-3.136606879411514281e+00,-4.820513818845410803e-02,-1.121495876748528596e-02,-1.184794859468553743e-02,3.059608913657191898e-01,-1.192666876020804199e-02,-1.212909158538372743e-02,-2.134219653622211610e-02,-2.196337602722421220e-02,-9.971746826350880166e-03,-1.539479179543002708e-02,-9.672229303767151259e-03,-1.689027316236336312e-02,-8.343704963095843058e-03,-2.383459829165460869e-02,-1.555820412227018265e-02
2.913823257413845624e+00,1.886523668726496905e-01,1.579713799100052052e-01,2.170815499120348491e-01,-1.822195669257903106e+00,1.701622999436138151e-01,1.591552839243989270e-01,1.752474426945930808e-01,1.210995943600527758e+00,1.789477400493391379e-01,1.643263508640918080e-01,1.577218528802674935e-01,1.705523226138450366e-01,1.584317574045359389e-01,1.563446291124756804e-01,1.642585662351736531e-01,1.463166037907513983e-01,1.484954963251012838e-01,1.582792190885212169e-01,1.596145165733508231e-01,1.587824636659989630e-01,1.572936665418553925e-01,1.356133458918889478e-01,1.402479708049919060e-01
7.111163142082620681e+00,-3.934279049506306941e-02,7.831323189030924004e-03,6.415788840354205713e-02,-2.167185031973204445e+00,1.136427010276080604e-02,8.865140026542397272e-03,-1.730453882601284618e-02,1.398651360601548162e-02,3.014528813156417460e-03,-6.939978661085444925e-04,9.404767360514735761e-03,2.107279068880891504e-01,6.376596469680959056e-03,9.218973911210497779e-03,-1.174032748930883135e-02,6.453491927153236565e-03,8.269071760624873216e-03,1.597832064631220716e-03,3.131762538312841092e-03,6.082471008030748694e-03,3.191433448709015287e-03,6.671904283230646604e-02,7.598579373595869355e-04
-1.286344749617961547e+01,9.849593838055984221e-03,1.147422540038723904e-01,-2.190548124887317129e-03,6.400927088744782445e+00,1.075508746182432529e-01,1.306451592188840050e-01,1.356482314204506268e-01,-2.385202409115204869e+00,9.368918255523990546e-02,1.187120542180347266e-01,8.454328328099619538e-02,-4.604930077975188385e-01,1.420468770468342745e-01,1.420850075439636651e-01,1.377814961018209161e-01,1.375653163552831015e-01,1.413256740501925568e-01,1.285149262917928137e-01,1.305497871796600096e-01,1.304347145464046231e-01,1.405753688583135930e-01,1.532682098735714260e-01,1.425880691854709836e-01
3.585974378340377466e+00,4.054028102437107206e-02,1.353850853801271958e-01,-1.966426081101442860e-02,-5.830686891326383403e+00,1.268134924197839852e-01,1.482407485343761877e-01,1.767326777024087470e-01,9.530153257302973469e-01,1.587086355421084283e-01,1.523759529471832019e-01,9.873687680856912952e-02,-2.313766850668613539e+00,1.493037281307816599e-01,1.479712675710433689e-01,1.571730567879037199e-01,1.525128607862326902e-01,1.390193547807476726e-01,1.455100900482904636e-01,1.511153085616840364e-01,1.522540713368513710e-01,1.533382979669511148e-01,1.101542793525589481e-01,1.350763647967129777e-01
2.037040124645192130e+00,-1.036844031824752654e-01,1.090802394341660458e-01,2.268352117865645168e-01,2.018647088684420776e+00,1.311917810504205639e-01,9.547174914681332003e-02,8.986057521191960495e-02,-1.398347577277268439e+00,6.068905006860398493e-02,8.277324057554577563e-02,9.199552426030051244e-02,3.730312261389017170e-01,8.911233642516788733e-02,9.004722997326936040e-02,7.259522048968364283e-02,7.770157457517970490e-02,9.973439438990425177e-02,7.741177788385829317e-02,8.256389130010670374e-02,7.631491615117338978e-02,9.179480136369176646e-02,1.111529610579849586e-01,9.178982392233295262e-02
-8.184219053542628686e+00,-1.568484628393705671e-01,-1.599294284452600773e-02,1.882393415763327499e-02,3.368293221339358379e+00,3.206515861491336227e-03,-9.809702408068091475e-03,-6.917057062126286127e-02,-1.903025307690693335e+00,-4.056317645997221250e-02,-1.296517574791588440e-02,-7.397287544758697139e-03,-3.040533384599481970e-01,-9.256439675126517178e-03,-1.460615494125874422e-02,-2.017860204370432176e-02,-1.461611533880615398e-02,-1.237524904288355397e-02,-1.100246185205100251e-02,-1.428077673456707754e-02,-9.817645863938075437e-03,-1.104819744838008919e-02,-1.682227428730220103e-02,-6.548962647623094227e-03
2.563645398264078334e+00,9.566971458973912157e-02,6.947363972376825736e-02,-4.276668862805965005e-02,-6.161403591041687555e+00,4.800273930400019567e-02,6.616680253556307678e-02,1.391764770588581890e-01,7.505409921183180399e-01,7.694979592175185679e-02,5.269145563372227420e-02,4.136560263244512536e-02,-8.089835448437083798e-01,5.844837966920622685e-02,6.089700524011007476e-02,5.910868608253862233e-02,7.403054650061487163e-02,6.205495778582291455e-02,5.445479276468393609e-02,5.475611088364348844e-02,5.682534376572200008e-02,5.940790591039336876e-02,7.006039055247080538e-02,6.466690682125050826e-02
1.208679770124093800e+01,-7.902732209569814092e-02,3.960093426785737426e-03,-3.750592946120768351e-02,-1.421888407521651354e+00,-6.179494633387004957e-03,1.421338754045810802e-02,3.948533365657908717e-02,-1.206638516401102867e+00,-1.307167250829020452e-02,2.749680140197961753e-03,-1.471950613068391490e-03,-8.861574717911793186e-01,1.091059883742907625e-02,1.407235647166930372e-02,3.162278627066792552e-02,8.253769299792908590e-03,1.465455806633277243e-02,4.485903535108026684e-06,1.122106529704384147e-02,8.600135409025932987e-03,1.328413271077898486e-02,2.957261213256351731e-02,1.922993605618248530e-02
-8.644284206795505909e+00,-3.273672061936737099e-01,-2.086704074420239058e-03,2.119994652939567736e-02,4.220287287874426418e+00,3.514425478275848280e-02,8.724155393396345812e-03,-6.906195700951558991e-02,-3.281896700848580650e+00,-3.146923603345412601e-02,6.258262277919587196e-03,2.376770205657002810e-02,9.936239676679403665e-01,3.093282568210123026e-02,1.640377221000804617e-02,-8.704189478598323496e-03,7.230964484810882727e-03,2.333000459751707542e-02,2.003413556356439806e-02,2.000444597594189591e-02,2.429144866203088518e-02,2.187471447907088362e-02,-1.956936756379953207e-02,1.684468933735681169e-03
2.388186561248490491e+00,9.546583968590137415e-02,-9.055340326299426978e-03,8.421251979372214314e-02,5.601102415797604372e+00,3.987074568227198866e-04,-1.590660474099751462e-02,-9.821918280392336748e-03,9.816268366509430798e-01,-9.184689029774401048e-03,-1.651345417388310963e-02,1.549381963486133086e-02,1.214787921578969865e+00,-1.486164243060098152e-02,-1.876366585380326649e-02,6.686866904598335118e-03,-1.972508982224397203e-02,-1.973190475060195362e-02,-2.727048954204936218e-02,-1.748088057962099429e-02,-1.543908128450354432e-02,-1.855291776257801672e-02,-1.481476401064773726e-02,-3.288472829198242804e-03
-5.238248944629289916e+00,-7.419234058331122816e-02,4.783317358299118971e-02,-1.801712619118535641e-01,-6.916278300515530830e+00,4.316552756893311110e-02,8.457539996879964717e-02,5.097594549173953965e-02,-3.684007368684089623e-01,7.493163094313295969e-02,7.981088409852180043e-02,1.694479803325032660e-02,-2.480659818773598868e+00,7.936529286436631858e-02,8.653442056982964259e-02,7.107662076803700213e-02,8.588962508835773502e-02,8.544935492343001815e-02,8.986431875849501538e-02,8.892370584961548086e-02,8.472888023266933466e-02,8.608122734865120140e-02,8.556286625828959935e-02,7.449556557964495673e-02
-3.611824198013667608e+00,-1.693726021655725389e-01,-7.274304887065038971e-02,-2.523650160572035728e-01,-2.599494996060279117e+00,-3.636118108799733795e-02,-1.683707942510808547e-02,-6.313798273384635396e-02,-8.775958490821087477e-01,-3.569662766536810250e-02,-2.101349165365295341e-02,-6.993418616437824253e-02,-1.715132856719387089e+00,-1.102975215212544623e-02,-7.549857132208029342e-03,-1.776547450773850387e-03,-1.299367633712151908e-02,-1.102860412345829481e-02,-2.081781657294690460e-02,-6.572604490690470147e-03,-1.449299277350244233e-02,-7.994807734563694201e-03,-6.480891804748813503e-03,-7.504366119151728576e-03
-1.404890900661586617e+00,-1.716386618569976374e-01,-8.779704865595666652e-02,-2.103480085334694660e-01,-2.151577611359914766e+00,-9.206231584258146861e-02,-6.601845245220086533e-02,-4.723575899053085447e-02,5.696707975907073784e-01,-6.519517734917831819e-02,-7.045816346069225244e-02,-8.672720405312475678e-02,-3.609311471359861190e-01,-6.895250419117966711e-02,-6.745874128524698143e-02,-6.229146362554820876e-02,-6.230660852847413889e-02,-6.905430370428422560e-02,-7.012907373740935590e-02,-6.618311632693568702e-02,-6.610587845921334083e-02,-6.851076262514850523e-02,-6.824973517751146967e-02,-6.465265045372088626e-02
-2.133607170727046309e+00,-6.295654080024429278e-02,9.594015432028756007e-02,6.736670932222615926e-02,-4.825204335269247302e+00,1.077680052010733802e-01,1.212981117971367595e-01,1.194193009306068060e-01,-1.460555319865855406e+00,8.476874796038402771e-02,1.012864939917252904e-01,1.078289001538221270e-01,-3.067341178602903673e-01,1.166739665997036657e-01,1.233717322900480112e-01,1.203496481688869080e-01,1.118969026032209657e-01,1.179003496709905285e-01,9.865580320308067752e-02,1.263423875924317707e-01,1.172136762541274718e-01,1.217709932607844020e-01,1.193450499896664546e-01,1.160412976907612831e-01
5.577975242637041475e+00,1.130190367228485065e-01,-1.762053110388651922e-02,5.702913161604376835e-02,3.563162433320964939e-01,-4.200168093334767649e-02,-4.626039324670500746e-02,2.734989841461517995e-02,1.279257526952817470e+00,-2.722746444293435569e-02,-4.404604697153072235e-02,-3.255898578324799286e-02,7.538165603350741595e-01,-5.117193278986784805e-02,-4.972248354715186336e-02,-4.012153084334588171e-02,-5.235082772656481781e-02,-5.474971125718153947e-02,-5.408381436636611195e-02,-5.388968876154304199e-02,-4.980985253516854311e-02,-5.137264112777343433e-02,-5.463375523743088658e-02,-5.587926215334406560e-02
1.139887207352266252e+01,1.743752202334601653e-01,3.096714697711543465e-02,-2.113479023450652149e-03,-2.582187457126701169e+00,2.186395582183922603e-02,2.434218673062320953e-02,-3.613249700749168736e-02,6.773707212399306954e-01,5.106591674245720275e-02,5.689291102501066455e-02,2.181603134972424918e-02,-6.346700254210375647e-01,2.238155576998035121e-02,3.055878068884465906e-02,2.756153939604445019e-02,2.036774526275696509e-02,2.621507829649274979e-02,4.709818718755041933e-02,5.460895284571060104e-02,3.207695453188178641e-02,2.706749899590149555e-02,1.323873029992355885e-02,2.954199629284359058e-02
-1.947480560493368484e+00,-1.614207685132075798e-01,-9.315629221797988579e-03,2.222660982656783982e-02,-1.563519899826183490e+01,-2.547374627785796083e-02,-1.692875221815851733e-02,-2.794398489803870227e-03,-1.205850269002066044e+00,-1.869749182028927065e-02,-9.555654703499791638e-03,-7.156199849453121799e-03,-3.263233147394271894e-02,-1.209944882884897259e-02,1.389896172394486113e-03,-8.216157674347362647e-03,-7.769593922081005502e-04,1.155740642132614335e-02,-3.350698983627550549e-03,-7.890668392994477226e-03,-6.130327528914901111e-03,3.816381838597610824e-04,1.622187260802399750e-02,6.014702648838137107e-03
7.161655529429938660e+00,2.376006875571948784e-01,2.677175952283116292e-02,-4.618314042568700400e-02,4.943735613777818116e+00,4.416297990505593796e-03,3.646130659724815953e-02,9.383810981770288051e-02,1.708013300105593046e+00,5.968304899658820328e-02,3.850983742720587993e-02,4.541650667919146581e-03,-6.568354295916661867e-02,3.600945456926012839e-02,3.607598638926762247e-02,4.356642699870112018e-02,3.138769898548850884e-02,2.757885312922968638e-02,3.685090357608283157e-02,3.456245860443798307e-02,3.614380063616642880e-02,3.213972168909333404e-02,4.802830321618652143e-02,3.184877044893431181e-02
-2.506597856924367207e+00,2.241074804427074796e-02,1.199371148029974993e-01,2.024695921590465575e-01,2.918669853246338874e+00,1.310189243422511529e-01,1.148804243406869319e-01,9.680059146212298404e-02,-6.972309636563724100e-02,1.112189605638807116e-01,1.180226064088423926e-01,1.382279586160355400e-01,1.214099176389143553e+00,1.187182309859144275e-01,1.145757325032591145e-01,1.069224386011862343e-01,1.137405090534784613e-01,1.161006858733512059e-01,1.145061476129165118e-01,1.151489882812608417e-01,1.178359233481310886e-01,1.154720129520532962e-01,1.117809342523836680e-01,1.133122079383376835e-01
2.206418250610145293e+00,1.519217225690204336e-02,5.561952922760576845e-02,-1.734468303468039360e-02,1.347759216090455292e-01,4.780363232233261761e-02,6.531841376412861333e-02,8.043436361435599147e-02,8.165784572276448827e-01,8.302012174329430338e-02,7.692415941320054906e-02,4.941806666945926241e-02,-1.157235114755777783e+00,7.141221906043186685e-02,7.400286424658027162e-02,8.698634763637071166e-02,7.700203095612598303e-02,7.287758933145109530e-02,8.920855350215961543e-02,7.373861864547477663e-02,7.389961611882338299e-02,7.216782535725381476e-02,8.274063386684459009e-02,7.620925331472615250e-02
3.854140721892272303e+00,3.874991114286468336e-02,-1.261889084680665844e-02,1.270714952626104954e-01,-1.916159982350240099e-01,7.192529201818191956e-03,-2.701925161954232824e-02,-7.441933895508628591e-03,1.483183395668941973e+00,-8.508417758906244160e-03,-2.996834666950691506e-02,-5.520747911235588182e-03,1.746750956366999175e+00,-2.894529906653024037e-02,-3.252962570481155585e-02,-2.946168894271616531e-02,-3.003636030650289057e-02,-3.303092325525058826e-02,-3.336282663171671187e-02,-3.134832329944509804e-02,-2.885008565069981448e-02,-3.333960714774579503e-02,-1.235000572315867601e-02,-3.337208914832123091e-02
-2.984911534886113049e+00,4.091068180236557238e-03,-4.663865576935764465e-03,1.091350721817294610e-02,4.454975301354108019e+00,1.239888889932705407e-03,-4.027980930369713035e-04,-2.924040569429803976e-02,-1.853659828913601926e-01,-4.616129449663815797e-03,-5.808860881318361064e-03,1.264564278542554786e-02,1.040092987466764818e+00,2.396513093853702009e-03,-1.288668689635726321e-03,-9.147089879736735457e-03,-7.222342590018422659e-03,-1.545632229510799597e-03,-4.217385437244596143e-03,-8.723033012551073941e-04,1.498819811359159739e-03,2.184694968979237930e-04,1.161999097211595909e-03,-6.963467563576902254e-03
-1.074272507873945059e+01,-6.592994738285620770e-02,1.597997086043445938e-02,-6.974039085917087266e-02,-1.230869901970756430e+01,2.622765200335001531e-02,2.907507546738674967e-02,-3.443230648949115874e-02,-2.594895441148869608e+00,2.593937329930156698e-03,2.336635938481740338e-02,1.469916032985325686e-02,-2.584994532491666774e+00,2.732438439690813153e-02,3.234713991284712820e-02,1.898225784316243808e-02,3.551373905458028724e-02,3.086769446867088443e-02,2.277746495497644241e-02,3.061466102568539266e-02,3.190832776264147796e-02,3.718551937452368311e-02,2.015172709527633318e-02,3.885801980142423312e-02
7.662343259911579274e+00,1.658240540608791891e-01,4.590069637681022663e-02,1.023619965775309226e-01,7.684077338364300402e+00,4.418572024657083097e-02,3.805491312322314967e-02,3.772440333026283454e-02,1.107855304174655053e+00,3.992586080960963679e-02,2.585523771527578618e-02,3.738872997221755201e-02,8.243025376902907153e-01,3.179168196774508071e-02,3.120680899289800594e-02,3.175465097990082947e-02,3.067634425776917875e-02,2.654254602301427124e-02,3.230619688916474413e-02,2.802469740154340735e-02,3.382315922611528469e-02,2.923288569157527980e-02,5.370748240330871365e-02,2.224627300551843684e-02
-6.370774245619495346e+00,-2.064178246981376308e-01,1.242454395667778183e-02,-9.984651307724298763e-02,-2.431332772092110961e+00,3.279805226377337929e-02,3.496195347865336395e-02,-2.608596265947867032e-02,-1.855071603136720926e+00,-7.839780718582350927e-03,3.034909686221685596e-02,-1.998903886016792364e-02,-2.278943094040690287e+00,3.088932314943517582e-02,3.544874265159350668e-02,1.584282404154505053e-02,4.441274636217816540e-02,3.384674293268778028e-02,3.979165290057352922e-02,3.627085240703214336e-02,3.307450454685726543e-02,3.434439623584639029e-02,6.264396458222661057e-02,4.027067234740080992e-02
5.033655851827136374e+00,1.728137230340355546e-01,1.217396114199474216e-01,7.143811255663932991e-02,1.417027620793466669e+00,1.181298701442580895e-01,1.221143004585017872e-01,1.122216456910395677e-01,-9.015301142417166125e-02,1.228268690001370345e-01,1.267566791968127993e-01,1.023408295479050212e-01,-6.611000481105676618e-01,1.234101916735730053e-01,1.234633897318052342e-01,1.183140958784088537e-01,1.238455606688652622e-01,1.229321475178516282e-01,1.281295702859198415e-01,1.259445584716085698e-01,1.236189150386662466e-01,1.242360710228869319e-01,1.220824163094939990e-01,1.193219793619445801e-01
5.207091933244978321e+00,1.516414092635496869e-01,-2.939150599278035278e-02,-3.752488139288216035e-02,2.026438185192316332e+00,-3.257719703628007141e-02,-2.316204194732589261e-02,-2.982045296464155143e-02,-1.170336812167059204e+00,-1.873561677346711682e-02,-2.176566238013673271e-02,-2.593268512233986092e-02,-1.025871241768444436e-01,-2.320146016416044926e-02,-2.395830842311278547e-02,-1.469950793000235172e-02,-2.873769521242981392e-02,-2.526900094472438879e-02,-1.344774224574510520e-02,-2.350140924309252269e-02,-2.332084184590853260e-02,-2.292551335955481454e-02,-4.917502917580960503e-02,-2.319989819024957656e-02
-9.692407962851516956e+00,-2.699868611016024711e-01,7.698664908546092034e-02,8.756556922483743621e-02,-1.908614117933879362e+00,5.731586641327037629e-02,6.960184860040116717e-02,5.908145234529028206e-02,8.585402567375705729e+00,1.326482165880373820e-01,1.185953193370470199e-01,6.329735918503300030e-02,-2.074260371461160157e-01,6.291034746177941173e-02,6.293150318475515537e-02,1.091229980288853513e-01,8.644313677884538083e-02,6.567682337608175824e-02,8.452726143538828729e-02,8.505976067756228221e-02,7.311921336841607777e-02,6.395263024320070600e-02,7.429194134913841285e-02,8.178108008297929610e-02
-1.226616377127439428e+01,-3.170938433665287381e-01,5.545506839382337294e-02,-1.050691957958017897e-01,-5.759502969687134488e+00,6.078183421730749825e-02,8.632364862994348909e-02,2.879838081691234175e-02,-3.483271797020642824e-01,6.495770367514712429e-02,6.807706925169892953e-02,5.104294238171293990e-02,-2.052603363051340946e+00,8.515536229204277718e-02,9.101376353854186141e-02,1.062797004078213231e-01,6.911611629749420116e-02,8.091286666060723554e-02,8.371176000515875848e-02,8.602573037347537033e-02,8.179264480319385633e-02,9.212632400231386687e-02,8.159203497071601530e-02,6.711265245874309393e-02
2.163970895749343537e+00,1.187316073087010121e-02,-9.440591741799897463e-03,-8.022748638487456341e-02,7.596150328004389607e-01,-2.647560678467712411e-02,-1.538536802209887130e-02,-7.174553565776985555e-04,3.142595108319634623e-02,-8.857607702014207163e-03,-3.244691308630198723e-02,-4.374485005682801630e-02,-1.500281302170220599e+00,-1.379497154785249390e-02,-1.603590525251597301e-02,-7.166750404835409496e-03,-1.113731467443076877e-02,-1.000074189670501629e-03,-3.460205945796152038e-02,-1.559256523586833622e-02,-1.984761656538110847e-02,-8.732250526684443015e-03,-4.929613505577253724e-02,3.219694514271038890e-03
-5.626665399510864418e+00,-3.699002735856284363e-01,-1.280152133978245677e-01,-2.936639327992869863e-01,-2.427952023738668696e+00,-1.364911744513029601e-01,-9.830372463533158800e-02,-1.376923104093900341e-01,-4.133535619745944523e+00,-1.531916363542162873e-01,-1.033855347060964880e-01,-1.489091746943112804e-01,-5.424788728628780810e+00,-1.064130363885548852e-01,-9.312464480823809398e-02,-1.145594671733033421e-01,-9.315646304275129741e-02,-9.243225121013080858e-02,-9.229466758544180305e-02,-8.672678695368465918e-02,-1.057698498030840983e-01,-9.025325757784084801e-02,-8.507834021067679775e-02,-8.906338951843369156e-02
-8.289652173561289361e-01,-2.168297913310611100e-02,-1.039254171626945340e-02,6.288582409561421262e-03,2.538320389514976849e+00,-1.374261373521338397e-02,-1.817113181685738391e-02,-1.393536247785409805e-02,3.686648155186313391e-01,-1.523719546945734304e-02,-1.899736089695075111e-02,-1.524781154009620214e-02,1.907522151626635937e-02,-1.913820532592704765e-02,-2.056313485234353977e-02,-1.106916191707252826e-02,-2.015529786175892027e-02,-1.816545357503936836e-02,-1.905656268628828226e-02,-1.931831169844312399e-02,-1.906690198504009878e-02,-1.967868366400872884e-02,-2.706796969792544388e-02,-1.749906944567044403e-02
-1.246067515616991450e+01,-1.711175719901125158e-01,-7.519468283633701233e-02,-9.144055987634511218e-02,-3.159147585723361740e+00,-7.306232293680826884e-02,-5.149093240812040173e-02,-1.275016859691716353e-01,-2.409508156370304022e+00,-8.067539023344921789e-02,-6.831356263690076258e-02,-4.772712520054697011e-02,-4.554058943639991419e-01,-5.094252415439580461e-02,-5.366592153978366753e-02,-6.136787911078558228e-02,-5.557611012175354970e-02,-5.955324516781750066e-02,-5.667201502641004002e-02,-5.796977631991639263e-02,-4.609188682165613060e-02,-5.245771006890045246e-02,-4.386249014645811350e-02,-6.018283246444201817e-02
6.037267110051375063e+00,6.473854223021714427e-01,1.204093500169934744e-01,2.166842341008477085e-02,-1.995433471180543705e+00,8.166205323447758846e-02,9.936937490684330521e-02,1.741039498393508189e-01,5.479121476166304738e+00,1.719409174809148899e-01,1.017819999674136056e-01,6.905457872737380542e-02,-9.442722316326443988e-01,8.524197773889378993e-02,8.851832393373856855e-02,9.852296601290280731e-02,9.547590788394860750e-02,9.196852011505501912e-02,9.518895866281801288e-02,9.082127453115583504e-02,8.936770912381786225e-02,8.786247588693933686e-02,9.192137763444292731e-02,8.064564338081182948e-02
4.491188341470585321e+00,2.054338677060967011e-01,5.103213943036258998e-02,6.242608486738102092e-02,-1.828451283605816990e-01,4.643165053157038286e-02,3.699350770781452413e-02,6.652221298477528633e-02,1.387011138718243553e+00,4.950487978663956762e-02,3.771299752273904460e-02,3.156521940879210980e-02,-1.543756034628373797e-01,3.075261260242383513e-02,3.196292898960830658e-02,4.397944940318107565e-02,2.462854009165126729e-02,3.155283033110632684e-02,3.539089193368624015e-02,3.391601300189040630e-02,3.250542902425290065e-02,3.078708350802168703e-02,1.179372936681230034e-02,1.527974712487568942e-02
-2.713656641076047293e+01,-1.626072472552123060e-01,5.617011241059322035e-02,2.848798106586317158e-02,4.297809607957407962e+00,4.749671821386627912e-02,7.451728062650446460e-02,3.786782495512261426e-02,2.245751230242081231e+00,7.914374408111785053e-02,9.448942760231364424e-02,9.703830011096113706e-02,8.484550735757718787e-01,8.396194441968925226e-02,9.462692626395792506e-02,9.912803680963694353e-02,9.457077947356856695e-02,9.739379608493695106e-02,7.479665839451463127e-02,1.086699427936686502e-01,8.357085594973699683e-02,9.070655212155491476e-02,5.552517604530737144e-02,1.042524293043218114e-01
-1.350438267100732048e+01,-3.031849890842047146e-01,7.400601188777440609e-02,-1.087153862026636469e-01,2.865339879562768921e+00,3.079700716313830272e-02,1.129715134624567907e-01,4.146943644613441254e-02,-1.939304178740980822e+00,6.948267061596748173e-02,8.730870864553962052e-02,6.720201130669097023e-02,-2.206571195849859279e+00,1.133112829530306814e-01,1.222491106925313736e-01,1.056412598962053750e-01,9.688839483339579950e-02,1.272077109559813513e-01,1.053903096171363712e-01,1.163578792449622840e-01,1.059717099399043461e-01,1.275087652305203489e-01,1.294624801554284665e-01,1.072627906531511965e-01
-3.835972040205958833e-01,2.312147396844283290e-02,4.824676956488285762e-02,-3.807213272750582106e-02,-4.345455284245649530e+00,4.178073900114595562e-02,4.607983524866311742e-02,7.286148754695799534e-02,-7.342457280369706352e-01,3.649483957905502035e-02,4.152707997238184318e-02,4.011984009528136302e-02,-1.118386981851734463e+00,4.834037553605457366e-02,4.952583628972417884e-02,4.380519365622398409e-02,5.212684965086724492e-02,5.047324328705425633e-02,4.342075915896828620e-02,4.645820323921437400e-02,4.138356819433956085e-02,5.095497860086234398e-02,6.022095411836431850e-02,5.122936904255403351e-02
-2.216458536723649342e+00,4.707218019261193154e-02,-2.098134601029498503e-03,2.687346507991406758e-02,2.109782786088028939e+00,2.598988271994524986e-03,3.592749386448544722e-03,3.247854715353537536e-02,-1.773430763773002905e+00,-1.668076806417780750e-02,-1.301195301237122529e-02,-1.714909327430732188e-03,1.663349138452993314e-01,-1.493747632159692345e-03,1.881526168024796018e-03,-2.329228342172255835e-03,-5.750153911625649136e-03,-2.212668399266144118e-03,-1.314364995909082269e-02,-7.414799803582518799e-03,-4.056033581007084145e-03,-1.172734843089797557e-03,2.261866901297943794e-02,-3.260043618910794371e-03
-1.017968455333219069e+01,1.749763167495359817e-01,1.239498797293468735e-01,4.028722267662875334e-01,5.443366092259255495e+00,1.413325798157132329e-01,7.559837465066875095e-02,6.270043435405091292e-02,-2.211328662215389596e+00,5.895874302479139906e-02,8.697679032761167217e-02,1.407368629384951053e-01,3.084076018174131573e+00,8.366331448424130235e-02,6.895575343884713382e-02,7.377341095231802759e-02,7.867344033315902541e-02,6.121779524771241848e-02,6.067726537610965143e-02,7.030137860575563780e-02,7.354636280895013312e-02,7.410433572239488731e-02,5.021710006317022662e-02,6.835117321019194836e-02
-1.808236841334914358e+00,-1.739600520649591531e-01,2.066203019276573183e-02,5.618581771022126276e-02,1.088629632161832284e+01,4.157022393119924608e-02,3.003558157075188195e-02,-2.797942314098569513e-03,-1.371107340284200671e+00,-1.233940120061082163e-03,3.077944906625879051e-02,3.306741172076328034e-02,8.109234302411566508e-01,3.435914341716154313e-02,3.440569216454150703e-02,4.178875536172477895e-02,3.512547089673904999e-02,3.125149339069281662e-02,2.741881871549689889e-02,3.182419105230618189e-02,3.637416924820523201e-02,3.307219955941798767e-02,3.055575270954008493e-02,4.433960163806711235e-02
-3.543076675170524936e+00,1.910601484671071437e-01,1.129744604113594869e-01,1.148671118591779172e-01,3.343004385666861644e+00,1.126572775016465994e-01,1.201403326374837904e-01,9.591220966542546300e-02,-4.695558404858117263e-01,1.190206393148539044e-01,1.160600628613528557e-01,1.337416932987245399e-01,5.218165451101902663e-01,1.231151817930059705e-01,1.220565392265650778e-01,1.202436846517032087e-01,1.167903151286028146e-01,1.210389843402502469e-01,1.176956007609092636e-01,1.253354079535365928e-01,1.210293641250914098e-01,1.246779983700988387e-01,1.171037812709828235e-01,1.173384801671420036e-01
4.666813625616875072e+00,-2.563471806158906241e-01,1.812384885118611955e-02,-2.806598360337389172e-02,1.435270268296670704e+00,9.955824172490435400e-03,2.920514509374172799e-02,2.267808162152804008e-02,-1.532568711499995517e+00,8.858936883544808044e-03,2.544905498282560435e-02,6.427415408317762105e-03,-1.495992879883480509e+00,3.711452749201947510e-02,3.550126661376427212e-02,4.768040693396081997e-02,5.116414233602903372e-02,4.199192648532393962e-02,2.748052052248945581e-02,3.399852783740503481e-02,3.133947946798553569e-02,3.751151155470656279e-02,3.360105113613219563e-02,6.147422986358103830e-02
4.338625549064739850e+00,-2.366130582620500078e-02,1.050724378214317467e-01,2.508045616634813069e-01,1.892529230650260530e+01,1.442232027877201617e-01,9.844902194371722703e-02,1.495501844025241556e-01,3.146561088132015516e-01,1.002096518676196812e-01,9.883249729974245834e-02,1.022967578235580988e-01,1.808100621977148048e+00,1.141167986311163174e-01,1.051214627274563024e-01,9.948605345201946837e-02,1.032015340168174894e-01,1.081064148065102176e-01,1.010138947664662723e-01,1.009512261807898464e-01,1.068611233545962713e-01,1.055336911543916234e-01,1.002867986975670700e-01,1.005322002356144884e-01
-1.069441247722978083e+01,-1.200651660738619453e-01,2.721722239691825793e-02,-1.263066384334760317e-01,-6.139263563297604698e+00,1.718733879764016564e-02,4.235663986240451734e-02,2.463403686487085787e-03,-1.567180931010015543e+00,2.668531142187174562e-02,4.694456342050998959e-02,2.421529440692737553e-02,-9.187177201616087974e-01,4.949772337943197931e-02,5.518006072394796707e-02,8.196048434424924034e-02,7.153533560306538086e-02,5.970258304960002205e-02,5.264012417730522947e-02,5.486905985158983812e-02,5.126490940176398059e-02,5.194708667394579843e-02,3.915055597943352395e-02,8.724461721133394687e-02
3.916520767661568314e+00,7.591421830999925402e-02,6.836850883078229857e-02,9.423539206810030433e-02,-9.927892925643511113e-01,7.030745502398932922e-02,5.703161769312461993e-02,3.805905955885571096e-02,-8.843508333914545938e-01,5.425536011307768858e-02,5.559312050911985326e-02,5.367605366275789852e-02,2.721064850021515102e-02,5.559280014980987061e-02,5.521476741477075040e-02,4.841532772719515931e-02,6.274994666785742303e-02,5.576850177490334098e-02,5.756093887880411181e-02,5.158104247526269781e-02,5.805630816122463872e-02,5.498304362668799544e-02,5.256878641439826499e-02,5.659625532041828028e-02
1.944801713362412920e+00,-5.159136124512619243e-02,4.447693141958230373e-02,1.327001055078803719e-02,6.761704934679916512e+00,6.369381822580927333e-02,6.013984909247872129e-02,5.064846811036955582e-02,-1.719853706400347459e-01,5.047399325088786776e-02,6.499712853072592278e-02,5.183230515021370471e-02,-4.187249474489758150e-01,6.647285002747264915e-02,6.108876976398496667e-02,3.835752911631884476e-02,5.313891408326172627e-02,7.331361183358908740e-02,7.662505741552416705e-02,6.271851126796713916e-02,6.441729977793929363e-02,6.585431133091407263e-02,5.136547759722892570e-02,5.331207750018672475e-02
5.046844805006482026e+00,4.741594837019606767e-02,-2.373850127542882077e-02,-2.671493763393516518e-01,-1.085423501959292913e+01,-4.823782151410332952e-02,2.052135517939885061e-03,1.519997729659740759e-03,3.319204060590930649e-01,1.457545382887287001e-02,9.546985056410663703e-04,-7.160474379987348537e-02,-3.218633350851533237e+00,-2.615217973750654304e-03,4.849312684207962576e-03,-1.629366442357896337e-03,8.291939156762949750e-03,8.346263225563586505e-03,1.085233459188307201e-02,7.748435945720128643e-03,1.414130956006270663e-03,6.675359554945979428e-03,1.174770440449147448e-02,5.514840900762311982e-03
4.731674367284284699e+00,1.057494856571176006e-01,-1.078173077204971561e-02,-8.542379303890716702e-02,1.265967827892242159e+00,-1.703861314094794882e-02,-6.736315946342125854e-03,8.118076659284451796e-03,-3.414783036887065193e-01,4.100524427019852994e-03,-4.248539980984540956e-03,-1.708761279176141193e-02,-3.997012558922799497e-02,-7.963722721119557632e-03,-4.829966955306764891e-03,-6.740690334933106126e-03,-2.705194669262306773e-03,-6.419391929149731967e-03,-1.145139047296493424e-03,-1.436059248507876984e-03,-5.592119560526488502e-03,-4.686954786028438638e-03,-1.191408889395001794e-02,-4.924589529524250019e-03
-2.966135834855095244e+00,5.348744051563830357e-03,1.048707266646770053e-01,1.407850901739417515e-01,8.282457164820986151e+00,9.569269689786241706e-02,9.661257385526787755e-02,9.216596568056981131e-02,1.526516680459502950e+00,9.742386845536865625e-02,9.367420044624921727e-02,1.083967519950723712e-01,9.718236753424767116e-01,9.711490733975661205e-02,8.886194397524577182e-02,8.561005294552416489e-02,9.573567851907305304e-02,9.100308193825819292e-02,8.066240745666880541e-02,9.586218542994769110e-02,9.040761660102036856e-02,9.166690920320114122e-02,7.858040128998949880e-02,8.108713868882429232e-02
6.064930076193526531e+00,9.028950351018696918e-02,1.304205465155176547e-01,-1.756685003462013228e-01,9.470503054756068906e+00,1.259108081811352309e-01,1.788038487886525751e-01,2.324549426609683056e-01,2.186897466511130261e+00,2.056949639626083348e-01,1.759116084314179818e-01,3.253682218437034448e-03,-9.880928088851232971e+00,1.749589916754128449e-01,1.834014742969288236e-01,1.940059441267381057e-01,1.943132109273139341e-01,1.838245444519010230e-01,1.851905482276263726e-01,1.900718694724655156e-01,1.715931794412079714e-01,1.864065271581791527e-01,1.562585663077094844e-01,1.884499844871040664e-01
-2.590848076502591191e+00,-3.956378276298971874e-02,1.739584616157978988e-03,-6.194004386805376794e-02,-5.896168259978756154e+00,1.090491434714784685e-02,1.662408072235538326e-02,9.745007820171687919e-04,-4.068301221747570029e-01,1.697849608123846304e-02,1.529158391079979591e-02,7.536426944873105471e-04,-1.258540200154237843e+00,1.251309582016843502e-02,1.809127566075919430e-02,3.315950854530116607e-03,1.476972420675911127e-02,1.425423160860806587e-02,1.411149811233243165e-02,1.679519945064409520e-02,1.824837424379247008e-02,1.773513285865624747e-02,3.271594833303134719e-02,1.656061980801813369e-02
7.666573113171643250e+00,3.832453632928379261e-01,3.002757786491068170e-01,2.972863784757450167e-01,6.549195150774945517e+00,3.405806881508654516e-01,3.011211211235919616e-01,3.675504067093306459e-01,2.301740863030288686e+00,3.293357167813157904e-01,3.065398860739801945e-01,3.126776642156520181e-01,1.459711752468217272e+00,3.017638855236861040e-01,2.999250045105509299e-01,3.094943462245594579e-01,3.021470496297499753e-01,3.005280626693580537e-01,3.063470626524982809e-01,3.027333796283366296e-01,3.027798622711325716e-01,2.982560531819350436e-01,3.083738669670179622e-01,2.993057244770909175e-01
-3.857594151221195755e+00,7.562452795220488133e-02,5.839274329346250819e-02,-4.141250407127285149e-02,1.866150097036540112e+00,4.317567577185570105e-02,5.988333291429382560e-02,7.321137878356917539e-02,-7.798650294830254681e-02,6.756167878605427723e-02,5.666132565060167520e-02,3.063133500550457161e-02,-8.645941048158117814e-01,5.344876168821186685e-02,6.003936442812911334e-02,6.247513534974730165e-02,5.494498667723757279e-02,5.466162380553209882e-02,6.860238836327184342e-02,5.512914252936348958e-02,5.953820001048101135e-02,5.697496090958482917e-02,7.650004849407043839e-02,5.639620396594987456e-02
-2.926426790372265607e+00,1.197043811907441691e-01,1.084663915622937069e-01,2.414812938324172875e-01,2.331128559782073228e+00,9.061124057682022614e-02,8.000619065141210962e-02,5.199575665420482634e-02,3.457489705417046699e-02,6.985911902899882842e-02,7.674437260826535989e-02,1.025702599107874979e-01,6.477034864556697746e-01,7.378083366309763635e-02,7.219589671284068477e-02,6.741516463324243036e-02,7.305421748065342447e-02,7.606139163982948703e-02,6.975183778811525070e-02,7.079718951947625016e-02,7.106394346885783198e-02,7.192912769376078042e-02,8.429040964703775340e-02,7.546495081283938200e-02
-5.484090357394248993e-01,7.993437582874883540e-02,9.828828252422353376e-03,-1.118477984443828899e-01,3.871017840058470938e+00,1.757033512223935695e-02,3.358584683909526108e-02,5.471304116333948475e-02,-1.273932088290488651e-01,2.937067695169630691e-02,2.856165767194084742e-02,-7.952181657623328195e-03,-1.335187967383524743e+00,2.820219451535111582e-02,3.221083654144542979e-02,4.756255408231373910e-02,3.435091183091169148e-02,3.211803999413671840e-02,3.131301324318196133e-02,2.815679491087172068e-02,2.702199351590961474e-02,2.847531320693001342e-02,4.413404440039075949e-02,4.207566418732189978e-02
-7.315432510692552626e+00,-1.043089011754365081e-01,6.748318691629030634e-03,-4.291736741377690650e-02,-1.214712917489146671e+00,1.577163113460973431e-02,2.022132838187591306e-02,-1.647616522267596542e-02,-8.416463587416835868e-01,9.137906911086826969e-03,2.045316232393189909e-02,2.765035297392800726e-02,-3.805487242562093780e-02,2.668055753117310608e-02,2.357217116844781760e-02,3.073646881462028038e-02,2.434535842361775296e-02,2.510917870747296846e-02,2.407454575733649141e-02,2.631494759831489241e-02,2.814278807516125067e-02,2.726515228220983966e-02,8.885419766741205552e-03,3.005322517131523569e-02
-9.942791531728858434e-01,-8.645373819678091321e-02,9.924769159501418969e-03,-1.066801750047390897e-02,-2.934334128414875842e+00,4.538611548074862959e-03,6.376841565768037734e-03,2.704885685141374813e-02,7.974562591800145039e-01,1.597989749994787809e-02,1.060563380818971800e-02,-3.191927036735132950e-03,-1.202077460249156182e+00,2.019340563281305390e-03,9.695659847948678856e-03,6.176934014264055459e-03,5.570267641511742439e-03,1.032653403676957703e-02,1.233419407367674671e-02,6.281484389695161062e-03,5.321963780397372459e-03,7.687497418816884552e-03,3.097447730716183095e-02,4.403528102364586728e-03
-4.419054429989855315e+00,-8.285922828484736102e-02,5.565974372484535498e-02,-1.514949470454951541e-01,-9.244150181952116796e+00,5.179096871151574882e-02,9.058584349065897101e-02,5.811783740719192459e-02,-1.844473646288586233e+00,6.605655287270113807e-02,8.886519165397911701e-02,4.588004196768648291e-02,-2.900672802935078565e+00,8.644937670363142534e-02,1.092334076878489907e-01,9.956240300770610729e-02,9.923884571120943077e-02,1.071006017935906413e-01,1.129149597533914834e-01,9.817437280854761361e-02,9.564164443509345914e-02,9.866113536871773393e-02,1.349468884971647409e-01,1.077754664575112653e-01
-5.832739214080651990e+00,-1.463893844300427904e-01,-2.140987316819945377e-02,-4.705074337765199205e-02,-1.686041843758482095e+00,-7.093791178748236163e-03,4.266365451238821635e-04,1.539468985160647070e-02,-1.082234258451226339e+00,-1.387465103431121359e-02,-1.380284985450973799e-02,-5.832539563311565228e-03,-2.316047454490547108e-01,1.269186061953906904e-03,1.752411336522758387e-03,-2.718827057390242347e-03,-7.440334466740172389e-03,3.918302300124646732e-03,-4.179693518272190739e-03,-3.269787049275352589e-03,1.459134821573461504e-04,4.241130718809602192e-03,-2.415236649234826782e-03,-4.805190516106280091e-03
-1.427751921221672271e+00,-2.639969594895799632e-01,4.504614713924166847e-02,1.499676158653651392e-01,-6.049297462785098167e-01,7.910484165100427345e-02,5.007917134117510077e-02,-3.914420985112603002e-02,-1.541448893545610987e+00,1.001627281834582828e-02,4.160070395297921220e-02,6.311086004872384914e-02,1.930146758835547427e+00,5.713211280728082431e-02,5.435223016987913991e-02,4.558702101926005723e-02,5.377591371376790746e-02,5.008662440786917219e-02,3.390116366926012453e-02,5.502858322561142435e-02,4.957844958194898566e-02,5.492145344429354842e-02,4.732373654780361316e-02,6.095650474427107696e-02
-1.947458103118699269e+00,9.426199399743890456e-03,3.548056187724740046e-02,-4.064558280715392657e-02,-1.809435451957443375e+00,4.753247283406251966e-02,5.432407506437633704e-02,2.810105026295933173e-01,-4.608471179771562176e-01,3.523341500884529659e-02,2.591445444857617270e-02,2.014684451494722084e-02,6.524389986281994847e-02,3.581263343283295347e-02,4.335905750541888676e-02,4.303025952622487049e-02,3.942041990074465069e-02,3.120457943913455823e-02,2.924066160699014330e-02,3.091604575124053123e-02,3.929438150045778955e-02,3.208270208928459127e-02,3.674680809157193639e-02,3.228734310803624968e-02
4.140654757515743078e+00,6.433229102661509879e-02,-1.068319182201955646e-02,-5.815816916247761037e-02,-7.739681313591000311e+00,-3.413273270923458669e-02,-1.023402271085877176e-02,1.748837414246445093e-02,1.589013500264609968e+00,1.214543846007734573e-02,-5.306113315110054691e-03,-1.723655109367095220e-02,-8.061757844950522278e-01,-1.647614764900500253e-02,-1.181901202202710263e-02,-6.959133103781789745e-03,-1.205390941811764795e-02,-9.853991671415542400e-03,-1.021576726187889243e-02,-7.864619769892340628e-03,-7.021157514697239782e-03,-1.042685414901311884e-02,-1.708184633912682507e-02,-1.346851104501425173e-02
-9.243533319441779028e+00,-2.126119052812761034e-01,4.769048450079417523e-02,2.718817987350858889e-01,3.412249195115318656e+00,1.182946380115215690e-01,7.334614375582859669e-02,6.793493391879329435e-02,-2.258778844342034020e+00,5.677124180928243974e-02,6.354236926039719124e-02,1.349179812245955012e-01,2.642937492896567431e+00,8.145133606193075138e-02,7.381750656966482027e-02,7.075729180664168394e-02,6.852292311024993365e-02,6.594276770867542325e-02,6.788912174064061500e-02,6.922712243778111896e-02,7.191866271473155992e-02,7.336565180119138108e-02,7.124020906985022161e-02,5.732300912452677893e-02
-3.738045976378788771e-01,-3.735924474909873422e-02,7.080112171201884130e-02,-5.165951066971686233e-03,9.813690251715083690e-01,8.338011981318287080e-02,8.456445019936134622e-02,8.937776064064938131e-02,-1.138513464997565616e-01,7.093171328145034260e-02,9.335206265620393795e-02,6.538690519149203961e-02,-1.187079387447513179e+00,8.764029475343515507e-02,8.962909449992144395e-02,9.217260648727661210e-02,8.845787593048025366e-02,8.626048434471991766e-02,9.072084818760307867e-02,9.128756339717999935e-02,8.575912066835841840e-02,8.944255239165402327e-02,8.795508351193867536e-02,8.494855592657997445e-02
1.357197513883660278e+00,-5.747441131726264973e-02,7.993630570799782620e-02,7.089628571122878753e-02,-3.652683739795509865e+00,6.014607255309517564e-02,6.769887882597665218e-02,1.069802617829825192e-01,1.512368099758876760e-01,5.772287237887475247e-02,4.831442394801944984e-02,5.936909100146169072e-02,-8.488005771364494079e-01,5.581068468253336939e-02,6.054183738203777754e-02,4.110181679802699800e-02,6.032676001816824479e-02,5.865450769339445453e-02,5.275626243317982356e-02,5.362591253816142295e-02,5.939738813865490241e-02,5.739385568977450891e-02,6.595678384938037653e-02,5.166893628286654827e-02
6.575246537751934461e+00,-1.091077712510850894e-01,4.712072781570280505e-02,1.004365377786501229e-01,1.572907010767954805e+00,8.996460556673896436e-02,5.744606342219618633e-02,3.732220909102140077e-02,-1.552723747930430331e+00,3.247106485968342948e-02,4.688736116878299692e-02,5.062937750540709436e-02,-3.715133224110939714e-01,5.196239348572759958e-02,4.985045579500398810e-02,5.865964030703946924e-02,6.950924565808401512e-02,5.862845737155222836e-02,5.531268927853208450e-02,4.704592528454277361e-02,4.530331600594050129e-02,5.425703986921744798e-02,5.590056268024111430e-02,8.507969739131439335e-02
-6.089603478833073069e+00,-1.047777596359188712e-01,3.643981077120680978e-02,5.147526787380451996e-02,9.655953589252692648e-01,2.981288308874183862e-02,4.426437073601916655e-02,2.670575647517236043e-02,-9.388719412790783592e-01,3.340071166939327652e-02,4.162695552027767532e-02,5.354203967420662763e-02,1.699070742130938394e-02,3.976151845032620952e-02,3.848366824953290688e-02,3.399807507933511053e-02,1.181280599675542387e-02,3.131167552065550197e-02,3.844088347909899173e-02,4.141195020361689016e-02,3.663771378663994993e-02,4.026766769528712653e-02,7.391908286941970170e-03,2.017880439748495972e-02
-2.452514124727825706e+00,5.607467324416454818e-02,1.207967533450672315e-01,7.055980929527145840e-01,1.333104937267460821e-01,8.784318399703902602e-02,2.060362084059742457e-02,-1.372481789944016324e-02,-3.994809299943793413e-01,1.592844910781589934e-02,4.245436580173263946e-02,1.382750191530601747e-01,5.991445626232514421e-01,1.127049397051522149e-02,8.065934550400446004e-03,1.433011686322382613e-02,-9.709035510638895725e-04,7.830505065335892703e-03,2.222180007772611363e-02,1.047646347416447687e-02,9.356442818481677803e-03,1.014548931292918316e-02,3.591396270353169884e-02,1.392452577766141279e-02
2.711857772892709278e-03,1.104673460158368259e-01,3.478044591902261506e-02,4.477930259835582322e-02,1.714396520630101506e+00,3.376727428363719002e-02,3.405060493646580588e-02,-4.915615095319347816e-03,-5.805579512738356929e-01,2.455941533035207319e-02,3.409594298609087970e-02,2.724673608446238904e-02,-2.169467386254787244e-01,4.011919737683001391e-02,3.122007120790933066e-02,4.183949725387602764e-02,4.114374677008635073e-02,3.194072477971931362e-02,3.664526895250411892e-02,3.723995953325435343e-02,3.712972810299897120e-02,3.478090199288814965e-02,3.595188915224725463e-03,4.914886964439805356e-02
-2.589681339724021925e+00,5.027509815372889490e-02,6.381857335433825662e-02,-1.733156948313963747e-02,-2.930183466859750396e+00,4.922782488005780777e-02,6.984998953680469913e-02,4.090844222576138500e-02,-4.094582010586880205e-01,6.474354902991047434e-02,7.297454793949464946e-02,5.876323898225660480e-02,-2.983928954819981549e-01,7.459967004983387995e-02,7.431030966101197233e-02,7.383649584277111877e-02,7.640877754623960627e-02,7.844198501072829899e-02,7.500135441873018172e-02,7.861234776645624478e-02,7.506506279404555337e-02,7.758890452781672109e-02,6.642795569200074524e-02,7.860573623305509849e-02
1.651619586045591248e+01,4.882202593065661927e-02,4.712849848396017532e-02,4.336888616367660931e-02,-3.342067031108602482e+00,3.985126576203705528e-02,4.884903126335210510e-02,1.940138360160418435e-02,5.577298077561014811e-01,6.406891371350903475e-02,6.528193689470432326e-02,5.574355770284405986e-02,-3.991613639441476957e-01,5.332078966606888099e-02,5.648151356116386940e-02,4.757559128851239494e-02,5.298894643462340875e-02,4.684076978670061175e-02,5.854817633491706669e-02,6.049668085920277549e-02,6.287337813180843282e-02,5.537534218545903802e-02,6.796308663237254910e-02,5.362198019897027740e-02
-4.295102966349374718e+00,1.273618249276152123e-02,3.309524750877765320e-02,6.810896178433234471e-02,-5.753249018557066385e+00,2.954290991144277109e-02,2.325330907311380299e-02,5.206976564869268860e-03,-1.430539629317720829e+00,1.109768815090441361e-02,2.656205518073253072e-02,3.554985190293610819e-02,7.454654815303016213e-02,2.663087897714609686e-02,2.346215161423834475e-02,2.532705251724343826e-02,2.860377806471096560e-02,2.771951876077499016e-02,2.624390435591273871e-02,2.359122265425878801e-02,2.387365233048710858e-02,2.651298491218013684e-02,7.875635731067042594e-03,3.129319610356234155e-02
8.300482494711733938e-01,8.026365674297596120e-02,3.378958897549737966e-02,-3.773189491296018768e-03,-4.467518438586815854e+00,2.101295451863693584e-02,2.909950510277440131e-02,4.843964876390495500e-02,1.073483202726687624e+00,4.634868324684889712e-02,2.914664863117883559e-02,2.115275994085087652e-02,-4.769625946971998154e-01,2.889960712091982006e-02,3.081537635577003692e-02,2.949693486001000661e-02,3.758219014061246060e-02,3.282442121870180612e-02,2.678673908166767301e-02,3.097475075501717606e-02,2.897867722729936812e-02,2.963641767013482087e-02,4.286784810777259647e-02,3.231348507447629609e-02
1.359607124125498556e+00,1.810234123727366695e-01,7.767615751331420626e-02,4.141086276923735404e-02,-5.724258454712214395e+00,3.160881687968909726e-02,4.524009057457940158e-02,8.272060031449642026e-02,-3.137111178556595964e-02,5.651288368688888591e-02,3.895195943081511403e-02,3.463841101261881661e-02,-1.382095854076039743e+00,5.258617827795212391e-02,5.210627818923199706e-02,5.536513498404120603e-02,5.222777878517507327e-02,4.927381600845839177e-02,4.493995870172957235e-02,4.448622204275792802e-02,4.386888922284606224e-02,5.149032695983648406e-02,2.365444724022866888e-02,4.409528420814529809e-02
4.757455784105796504e+00,-5.365500311381440207e-02,3.956731412609583443e-02,-1.186933074137232064e-01,-2.625041023029212717e+00,3.279542535027043376e-02,6.076904650473389374e-02,7.587961856953305551e-02,1.335282613402948293e+00,6.113214452470726312e-02,6.214771980384009575e-02,6.674181909720515449e-03,-2.472195073640276686e+00,6.030538402964807226e-02,6.784908214478777011e-02,6.834311648020856278e-02,5.537583131688678800e-02,8.443764378097336210e-02,7.726800231668665142e-02,7.200682230765323433e-02,5.313384695510604133e-02,6.743387542494409803e-02,8.665604372207426354e-02,7.391201635596698905e-02
-4.391932180304127797e+00,-3.693382926321642917e-02,-1.611227192331037353e-02,-7.187989994099938662e-02,-2.208959037320610719e+00,-1.208573515479507282e-03,2.487403432171118780e-03,-2.536765139276205006e-02,-3.265887670270267162e-01,-5.287505595508871017e-03,3.577926406667686441e-03,-2.086249564092251471e-02,-8.675699374574232792e-01,2.100564266364347323e-03,-9.232810547869733236e-04,-1.849312075151733278e-02,-4.173185781233049001e-03,3.544585087021919455e-03,4.932357230179417254e-03,4.356629838055578810e-03,1.231559123601360826e-03,4.585894043544411214e-03,-1.139515959408863265e-02,-8.991284160097501657e-03
-1.280693962362924321e+00,2.643188348028622792e-01,2.111027369662005770e-01,1.756663885272257419e-01,3.461962291659881341e+00,1.865630462956131275e-01,1.915365001459835570e-01,1.912989794108473918e-01,1.902936230616294744e-01,1.978723933058461337e-01,2.004760476634201982e-01,2.104957301776571033e-01,1.532125191385151242e+00,1.901591838113524946e-01,1.955285439496300681e-01,2.052224665221137057e-01,1.984938872145047273e-01,1.945210991021301683e-01,1.952194202761845798e-01,1.904488572871724794e-01,1.922141227464861379e-01,1.899703739797605484e-01,2.365633506095739802e-01,2.061948279100613290e-01
-7.083866876511513588e+00,-7.795212074516083556e-02,-5.690209746173620180e-04,2.125813486746669090e-01,4.622974472729175055e+00,1.668244731442471152e-02,-1.607537624745301527e-02,-8.337397378803866610e-02,-2.857318125642464679e+00,-3.139340950902380634e-02,-4.400354148258120608e-03,1.500828576863333721e-02,1.820120848032155125e+00,-9.717312901447850912e-03,-1.000450615854605284e-02,-1.031240272496457798e-02,5.325511306616157597e-03,-6.015821386954682028e-03,2.167564028272827084e-03,-1.246217362506223635e-02,-2.097109714357061564e-03,-1.467612189834736729e-02,-1.518417579429208811e-02,1.360742856091011824e-02
3.737078973741429166e+00,-8.902052164314160076e-02,3.289019538702994336e-03,-1.173373542316482471e-01,-7.722247552910442181e+00,7.111833128526835572e-03,1.355043658599568331e-02,2.114371811417127198e-02,2.090096439621385860e-01,-8.329840866845105276e-04,-6.152121113803689541e-03,-1.547733128696839044e-02,-2.122599906022570426e+00,1.505571030417551283e-02,9.091613593030255236e-03,-4.986884208979797464e-03,5.331496191827591810e-03,1.328572206431057751e-02,1.975344102377811061e-03,4.913794196279404163e-03,5.414474153548427295e-03,1.432260395562833660e-02,-1.162255113863279107e-03,5.021815890492456469e-03
7.825246391113700462e+00,5.297608252955059854e-02,1.053540205781832717e-01,1.241885715665210499e-01,-2.153801386196475764e+00,8.752884611072488108e-02,9.971731575846795592e-02,9.937442962821349535e-02,2.969781724006594348e-01,8.960826330520792193e-02,9.037733268724565394e-02,8.950499813986342867e-02,-1.179791160209521683e+00,8.459847507580496584e-02,8.536647939531417928e-02,8.797039363268277512e-02,8.637891445522041800e-02,8.521108014175106382e-02,8.644130991399660846e-02,8.062011317195671989e-02,8.838157777352299849e-02,8.500255262222192187e-02,8.575078492421714382e-02,8.747609582332889488e-02
7.352021840703852895e+00,1.167525739619249686e-01,1.057668490451006832e-01,7.492592237967586610e-02,8.217703383245964943e+00,1.034880762939378307e-01,1.026899171125323224e-01,1.252646325879994138e-01,7.480532654771842038e-01,1.065199874002828867e-01,1.030972674658775651e-01,1.065386538136030847e-01,4.838468398829719463e-01,1.016013771589430598e-01,9.612015867647354106e-02,9.909163168953837031e-02,1.049697354456684967e-01,9.324278921315416746e-02,9.608251132477522993e-02,9.586544259185737771e-02,9.996535210648055392e-02,9.549446901274256938e-02,8.977469852846095555e-02,1.005236382124647249e-01
-7.401747364484362102e+00,-2.844495087439747882e-01,-5.790523857267444729e-02,-1.024713299166630648e-01,1.857204710533839842e+00,-2.962013109467137584e-02,-2.275722244799138413e-02,-1.230345859356819782e-01,-2.317591945179346968e+00,-7.282123107489814340e-02,-3.270297962970356714e-02,-5.934965055084825969e-02,-3.625268468895150309e-01,-1.868210525486601464e-02,-2.648666685291549763e-02,-4.563921097206322108e-02,-2.587532405533143551e-02,-1.948976596272901027e-02,-2.477688020973475500e-02,-2.107254575509542524e-02,-2.195352743238537449e-02,-2.270870078173354081e-02,-2.227919258176198555e-02,-2.438039592818809498e-02
3.383569716735561617e+00,1.701544303444904316e-01,5.024952489092536501e-02,1.094787114054284055e-01,1.210109636057075777e+00,4.139012405005842998e-02,2.607589623960519798e-02,5.534059582497667662e-02,5.505299014899179832e-01,2.626347487017598528e-02,1.896360316843934829e-02,6.238431277257552865e-03,2.517490305696427622e-01,2.168836494629778830e-02,1.961881581459107640e-02,1.425334599303443132e-02,2.494735486445304184e-02,2.115066176715931640e-02,1.554138716613353080e-02,1.343555817316088516e-02,1.464008778205784685e-02,1.577100203481528878e-02,4.416848573196876376e-02,2.604669250550206358e-02
-7.476721826022600048e+00,-1.866272758940616949e-01,-6.235868340286622458e-02,-6.389649420884362108e-02,5.333782441124428342e-01,-5.283582422997740863e-02,-4.761947508561183151e-02,-2.831378535315896275e-04,-7.981945038156871286e-01,-6.035314678321367088e-02,-6.118700919308000391e-02,-5.699061175654380335e-02,-8.080545189651201499e-01,-5.093069064870157925e-02,-4.257060662504612986e-02,-5.418848240316079257e-02,-4.870101154646157976e-02,-4.970212034314422378e-02,-6.216790300833543309e-02,-4.330422876547755651e-02,-4.858052595142092756e-02,-3.865024777181245291e-02,-6.586954010621326461e-02,-5.211052985515052943e-02
1.803721247390451810e+00,5.361356045192706976e-02,3.625875470602207828e-02,-3.126258304169341438e-03,-2.456557852094632732e+00,3.072315652250396517e-02,4.859165957483056048e-02,1.073587008472996762e-02,5.965111172767187941e-01,5.969608012255560314e-02,4.764874113579602166e-02,3.446609119964375717e-02,-7.951973973040669108e-01,5.037720731094641469e-02,4.582894653751155845e-02,5.853495097863869318e-02,5.639496110271180473e-02,5.212138024877224773e-02,4.530539267890327376e-02,5.202343013968851321e-02,4.932226463376465642e-02,5.086788790869779114e-02,1.214771512312748901e-02,6.087883889808268917e-02
-7.523674967492221199e+00,-1.037024376228058292e-01,1.126123428764413438e-02,-9.364146978340447125e-03,-1.865720323752896981e+00,1.567573634390491064e-02,1.201632099806857791e-02,-1.926369727623877207e-03,-8.097835874244783128e-01,-1.088606206552562849e-02,4.022599496076004894e-03,-2.764848564801921250e-03,-4.351885239106209058e-01,7.417237211719020056e-03,6.630076277717680822e-03,2.010118963036948078e-02,1.339697285614084923e-02,5.817408232487766492e-03,1.251842199139903411e-02,1.335366433475383176e-02,9.960024540468299936e-03,5.959210741794201092e-03,3.107668178333174245e-03,1.290478439407456886e-02
